Date;Tmin;Tmax;RR
20140101;8.1;12.6;0.8
20140102;9.5;12.5;10.3
20140103;8.1;11;11.6
20140104;8.9;11.8;26.5
20140105;0.8;9.7;0
20140106;3;13.8;0
20140107;10.9;14.9;0
20140108;11.8;15.9;0
20140109;11;13.6;0
20140110;3.9;12.7;0
20140111;3.6;12.2;0
20140112;3.8;8.9;0
20140113;0.7;8.7;16.5
20140114;3.2;8.9;2.6
20140115;-0.8;9.4;0
20140116;4.1;10.5;9.5
20140117;5;12.4;0
20140118;4.7;12.8;0.4
20140119;6.5;7.8;13
20140120;5.1;7.2;0.2
20140121;5;6;0
20140122;1.9;5.9;0
20140123;2.3;10.4;4.4
20140124;3.1;4.6;3.4
20140125;-3.5;6.2;0.8
20140126;3.4;8.8;2.6
20140127;4.1;10.1;0
20140128;0.1;8.4;0
20140129;3.8;6.8;0
20140130;2.7;6.9;0.8
20140131;2.4;9.2;0
20140201;1.6;8.1;25.2
20140202;3.9;8.5;0
20140203;-1.8;11.9;1.2
20140204;4.7;10.7;1.4
20140205;6.2;10;2
20140206;0.4;13;7.7
20140207;5.8;11.4;10.5
20140208;2.9;10;4.4
20140209;5.2;12.2;0
20140210;5.3;8.4;17.3
20140211;1.5;10.3;0.4
20140212;4.4;10.8;0
20140213;7.2;12.7;2.4
20140214;1.6;14.5;0
20140215;6.6;16;11.1
20140216;5.2;9.5;0
20140217;0.3;12;0
20140218;2.4;12.3;0
20140219;5.9;12.7;0
20140220;3.3;14.5;3.8
20140221;6.3;10.3;7.7
20140222;0.6;12.3;0
20140223;3.2;15.1;0
20140224;7.5;14.9;0
20140225;8.2;12.4;5.8
20140226;4.8;8.1;8.2
20140227;2;9;2.8
20140228;4;7;4
20140301;3;9.6;0.4
20140302;3.1;11.1;2
20140303;5.2;11.4;0.6
20140304;4.9;10.1;0
20140305;4.1;13.2;0
20140306;3.8;13.9;0
20140307;-0.3;14.9;0
20140308;1.9;17.2;0
20140309;1.8;19.9;0
20140310;1.9;18.8;0
20140311;2.9;14.2;0
20140312;1.8;18.7;0
20140313;3;18.1;0
20140314;3.2;18.4;0
20140315;4.1;17.4;0
20140316;8.7;18.6;0
20140317;5.6;20.4;0
20140318;4.4;23.8;0
20140319;9;16.6;0
20140320;4.4;21.5;0
20140321;12.4;18.5;1.6
20140322;8;12.9;13.4
20140323;2.7;9.7;5
20140324;2.8;9.9;0
20140325;3;10.1;0.4
20140326;3.1;12.9;0
20140327;2.3;13.7;0
20140328;0.8;18.4;0
20140329;6.6;18.5;0
20140330;11.4;18.8;0
20140331;6.3;20.1;0
20140401;7.3;18.9;0
20140402;11.7;21.2;0
20140403;12.7;15.1;0
20140404;11.9;19.9;4.2
20140405;10.8;16.2;0
20140406;6;20.7;0
20140407;7.6;24.6;14.3
20140408;11.8;17.6;2
20140409;8;17.9;0
20140410;3.9;21;0
20140411;6;24.2;0
20140412;9.4;22;0
20140413;12.5;20.2;0
20140414;7.1;19.9;0
20140415;6;16.2;0
20140416;4.2;17.1;0
20140417;2.2;19.8;0
20140418;5.5;16.4;0
20140419;4.5;13.5;0
20140420;1.3;14.4;6.8
20140421;8.5;15.8;4.8
20140422;9.7;20.7;11.9
20140423;11.1;22.5;0
20140424;11.6;22.4;0
20140425;14.2;17.2;0
20140426;8.4;20.2;10.9
20140427;8.5;17;2
20140428;9.1;16.5;0.2
20140429;7.8;18.4;6
20140430;9.3;15.8;1
20140501;8.1;19.4;14.6
20140502;9.9;16.9;5
20140503;10.4;13.1;0
20140504;5.5;17.4;0
20140505;4.1;24.6;0
20140506;14.2;19.6;5.2
20140507;11.8;20.2;0.8
20140508;7.8;22;0
20140509;12.1;23.4;0
20140510;10.8;22.5;1.8
20140511;12.3;20.2;0
20140512;8.5;16;0.2
20140513;7;15.4;1.2
20140514;8.8;17.1;0.4
20140515;8;17.7;0
20140516;6.4;19.8;0
20140517;8.7;22.7;0
20140518;7.8;24.8;0
20140519;11.3;23.9;0
20140520;15.5;22.4;0
20140521;15.4;28.2;0
20140522;13.8;23.4;12.5
20140523;11;23.8;1.2
20140524;8.3;22.2;0
20140525;10.1;24.1;0.6
20140526;13;22.1;28.1
20140527;11.4;14.5;1.6
20140528;7.6;21.6;0
20140529;9.4;22.3;0
20140530;13.9;23.7;0
20140531;12.5;22.2;0
20140601;10.7;23.9;0
20140602;11.9;22.4;0
20140603;10.4;23.9;0
20140604;14.9;20.4;4.2
20140605;12.4;23.2;0
20140606;11.5;27.2;0
20140607;17.6;30.6;0
20140608;17.3;33.4;0
20140609;16.9;34.8;0
20140610;20.9;35.2;3.9
20140611;16.5;31.1;0
20140612;21.5;31.4;0
20140613;21;30.7;0
20140614;19;26.8;0
20140615;14.3;24.8;0
20140616;15.3;26.4;0
20140617;15.3;25.3;5.3
20140618;14.7;24.2;2.4
20140619;12.7;27.2;0
20140620;16.5;27.3;0
20140621;14.3;28.8;0
20140622;15.9;32.6;0
20140623;18.5;30.7;0
20140624;17;26.4;0
20140625;17;28.1;0
20140626;14.5;27.5;0
20140627;15.9;28.6;0
20140628;18.4;30;11.1
20140629;16.1;23.3;0
20140630;14.7;23.8;0
20140701;11.5;27.6;7.1
20140702;16.5;25.9;1.2
20140703;14.8;30.7;0
20140704;19.8;30.2;0.4
20140705;17.3;29.2;0.2
20140706;18.7;30.9;6.3
20140707;15.5;18.3;12.9
20140708;14.7;22.3;8.3
20140709;13;19.9;10.6
20140710;11.9;16.2;1.8
20140711;14.8;19;0.2
20140712;14.9;21.2;2.8
20140713;16.2;23.8;11
20140714;16.6;25.2;0
20140715;11.6;26.7;0
20140716;14.3;29.8;0
20140717;16.7;34;0
20140718;18.7;33.6;0
20140719;21.6;31.4;0
20140720;16.4;21.5;40.1
20140721;15.8;20.7;9.5
20140722;18.2;20.7;0
20140723;19.3;27.3;0
20140724;18;29.2;0
20140725;16.2;30.2;7.9
20140726;16.8;26.6;3.2
20140727;15.4;27.5;0
20140728;17;22.6;14.5
20140729;14.7;19.2;10.4
20140730;16;25.2;2.9
20140731;15.5;27.2;0
20140801;17.1;29;4.9
20140802;17.8;23.7;5.6
20140803;16.9;27.2;3.4
20140804;16.2;26.1;2.8
20140805;14.8;25.8;0
20140806;13.2;26.6;0
20140807;19.2;26.5;0.2
20140808;16.7;29.7;8.5
20140809;18;28.5;0
20140810;18.9;30.1;0
20140811;15.7;21.5;2.8
20140812;15.3;23.5;4.2
20140813;16.5;21.2;2.3
20140814;13.2;21.8;2.6
20140815;15;22.3;9.5
20140816;11.2;22.4;0
20140817;10.5;25.3;0
20140818;12.8;27.5;0.4
20140819;15.7;23.3;0
20140820;13;22.7;0.4
20140821;12.2;22.6;0
20140822;11.5;25.3;0
20140823;15.9;20.8;0
20140824;12.8;21.7;0
20140825;10.8;24.4;0.6
20140826;19;26.3;4.6
20140827;14.6;24.6;0.2
20140828;12.6;28.7;0
20140829;17.7;25.2;9.6
20140830;15;25.7;0
20140831;15;23.5;0
20140901;13.6;21.7;0
20140902;12.3;23.7;0
20140903;11.8;23.5;0
20140904;11.5;29;0
20140905;15.4;28.2;0
20140906;14.8;28.4;0
20140907;15.4;30.3;0
20140908;17.1;30.5;0.6
20140909;17.9;25.6;7.1
20140910;16.7;25.5;0
20140911;13.2;22.5;0
20140912;12.5;21.7;0
20140913;13.8;23.2;0
20140914;11.8;24.4;0
20140915;13;26.6;0
20140916;13.9;27.6;0
20140917;19.5;28.4;0
20140918;18.3;26.5;11.7
20140919;16.8;23.1;2.4
20140920;15.5;27;0
20140921;15.9;25.7;1
20140922;14;20;0
20140923;8.8;20;0
20140924;10.1;16.3;2.4
20140925;8.7;19.4;0
20140926;7.4;21.2;0
20140927;8.4;24.8;0
20140928;10;27.2;0.2
20140929;16.4;20.1;2
20140930;16.5;24.6;0.2
20141001;13.8;24.6;0
20141002;12.7;22;0
20141003;10.8;23.9;0.2
20141004;9.7;24.8;0
20141005;12.8;19.8;5.9
20141006;8;21.2;1.2
20141007;16.6;22;8.8
20141008;16.8;24.7;0
20141009;17.3;26.4;32
20141010;15.4;16.5;57
20141011;14;21.3;0
20141012;11.9;21.9;48.2
20141013;14.1;17.4;2.6
20141014;9.9;22.9;0
20141015;12.8;21.7;2.2
20141016;15.5;20.4;3.6
20141017;16.5;24.9;0.2
20141018;12;26;0
20141019;14.1;25.3;0
20141020;14.2;25.2;0.2
20141021;16;24.2;1.6
20141022;9.3;14.1;0.2
20141023;4.8;13.5;0
20141024;5.3;15.1;0
20141025;8.1;19.5;0
20141026;7.6;18.1;0
20141027;6.6;16.4;0
20141028;9.8;18.7;0
20141029;7.1;19.5;0
20141030;5.8;17.4;0.2
20141031;5.5;21;0
20141101;6.2;21.2;0
20141102;7.6;20.1;0.2
20141103;12.9;17.2;17.9
20141104;8.6;13.2;79.1
20141105;7.5;8.9;2.8
20141106;1.2;12.1;0
20141107;1;11.1;2.2
20141108;2.6;14.4;0.2
20141109;4.7;9.4;12.9
20141110;8.9;13.2;0.6
20141111;9.2;16.9;0.2
20141112;10.3;12.6;4.2
20141113;7.4;14.4;0
20141114;4.7;14.8;34.7
20141115;8.7;10.9;0.4
20141116;8.7;12.3;0
20141117;8.5;11;2.6
20141118;6.6;10.5;2
20141119;4.3;11.3;0
20141120;5.1;12.9;0
20141121;5.1;17.1;0
20141122;8.9;18;0
20141123;11.2;21.2;0
20141124;10.1;15.6;0
20141125;8.5;13.2;0.4
20141126;10.1;13.8;5.2
20141127;10.8;17.4;0
20141128;10.6;16.6;0
20141129;4.5;7.1;0.6
20141130;4.9;6.6;0
20141201;3;4.3;0.2
20141202;3.9;5.9;0
20141203;3.1;4.8;0.4
20141204;4.2;6.6;1.4
20141205;5.1;6.7;0
20141206;4.7;5.5;0
20141207;5.2;6.5;0
20141208;3;7.8;1.4
20141209;3.3;6.3;0
20141210;-1.2;4.1;3
20141211;3.1;9;0.8
20141212;1.1;12.8;0
20141213;10.5;14.1;0
20141214;6;14.3;0.2
20141215;6.7;14.2;0.2
20141216;4.7;9.9;0
20141217;5;7.2;22.4
20141218;6;11.4;4
20141219;7.7;9.8;0.6
20141220;7.6;8.9;0
20141221;2.1;9.8;0
20141222;-2.2;7.8;0
20141223;-2.4;10.4;0
20141224;-0.3;9.1;0.2
20141225;0.9;8.1;0.2
20141226;2.3;6.7;2.6
20141227;-0.7;7.8;3.4
20141228;-0.6;2.7;0.2
20141229;-4.8;1.6;0
20141230;-1.8;3.5;0
20141231;0.7;4.7;0
20150101;-3.7;4.6;0
20150102;-5;5.2;0
20150103;3.4;8.9;2.4
20150104;4.2;11.8;1
20150105;-2.7;3.9;0
20150106;-3.2;1.5;0
20150107;-0.2;6.8;0
20150108;1;12.5;0
20150109;1;9.8;0
20150110;5.7;19.1;0.6
20150111;5.7;9.3;2.2
20150112;-2.6;10.1;0
20150113;-3;13.8;0
20150114;9.2;14.7;0
20150115;3;14;0
20150116;5.2;13.8;45.4
20150117;3.3;7.4;0
20150118;-2.8;7;0.6
20150119;2.4;4.9;9.2
20150120;1.5;4.7;0.2
20150121;1;2.4;5
20150122;1.6;5;0.2
20150123;1.5;3.1;0
20150124;0.9;3.2;0.4
20150125;1;4.5;0
20150126;1.3;4.4;7.8
20150127;0.9;5.7;0
20150128;1.5;6.2;0.8
20150129;4.2;7.6;8.8
20150130;1.8;7;0.4
20150131;0.5;5.6;4.2
20150201;1;4.6;0.4
20150202;1.5;5.1;0
20150203;-2.2;1.5;0
20150204;-0.2;2;0
20150205;-1.4;0.5;0
20150206;-1.1;1.4;0
20150207;-0.4;2.8;0
20150208;-2.3;5.2;0
20150209;-0.5;7.7;0
20150210;-0.3;3.8;0
20150211;-5;11.8;0
20150212;-2.4;15.3;0
20150213;1.6;12.5;0
20150214;7.7;10.6;1.4
20150215;5.6;9.3;10.3
20150216;3.4;5.2;0
20150217;3.7;5.4;0
20150218;2.8;4;0
20150219;1.7;12.3;0
20150220;0.5;11.7;1
20150221;0.6;7.8;20.2
20150222;1.2;6.3;0
20150223;-1.9;8.9;0.8
20150224;1.3;8.8;1.4
20150225;2.1;10.1;0
20150226;-0.4;8.6;7.7
20150227;4.2;8;5.8
20150228;0.4;9.3;2.4
20150301;1.7;10.4;1.8
20150302;9.6;15.7;1
20150303;3;14.4;4.2
20150304;4.2;8.8;0.6
20150305;2.5;9.1;0
20150306;2.2;12.6;0
20150307;-1.8;13.5;0
20150308;-1;14.9;0
20150309;1;16.2;0
20150310;1.4;16.6;0
20150311;9.3;16.2;0
20150312;2.7;14.1;0
20150313;-0.3;13.9;1
20150314;5.8;9.6;0.2
20150315;2.8;10.1;0
20150316;4.7;16.1;0
20150317;3.8;16.4;0
20150318;5.8;19.4;0
20150319;4.7;17.3;0
20150320;6.4;13.7;2.2
20150321;8.4;12.3;5.4
20150322;4.7;8.3;0
20150323;0.6;16.7;0
20150324;6.2;17.8;13.9
20150325;3.7;6.3;4.4
20150326;5.5;11.8;0
20150327;6.3;14.5;0
20150328;1.3;13.1;0.2
20150329;6.7;14.7;6.4
20150330;10.4;16.5;2.4
20150331;11.4;19.1;0
20150401;6.3;11.9;0.4
20150402;2.5;10.3;1
20150403;7.2;15.3;0.4
20150404;7.7;13.2;2
20150405;3.8;11.7;0
20150406;1.4;13.9;0
20150407;2.4;15.7;0
20150408;1.2;17.8;0
20150409;2.9;22.9;0
20150410;8;21.4;0
20150411;6.6;20.6;0.8
20150412;6.7;22.9;0
20150413;7.5;23.6;0
20150414;8.1;25.5;0
20150415;6.7;26;0
20150416;13.1;21.1;0.4
20150417;13.4;18.4;4.8
20150418;12.5;18.7;0
20150419;5.9;12.7;6.9
20150420;7.9;21.1;0
20150421;6.8;22.1;0
20150422;7.2;25.3;0
20150423;9.1;24.2;0
20150424;10.7;23.6;0.2
20150425;14.6;20.4;11.1
20150426;10.6;22;4
20150427;12.2;18.2;9.7
20150428;8.9;13.9;0
20150429;3.9;17.1;0
20150430;5.7;20.3;0.4
20150501;13.4;15.7;6.4
20150502;11.9;21.1;5.8
20150503;15.1;23.5;18.6
20150504;15.3;23.2;0
20150505;17.5;23.8;0.4
20150506;10.5;21.3;0
20150507;7.7;20.1;0
20150508;7.9;18.8;5.2
20150509;14;22;0
20150510;9.2;24;0
20150511;10.2;28.2;0
20150512;12.9;28.7;0
20150513;13.8;28.5;0
20150514;14.3;23.5;8.6
20150515;10;13.8;4.6
20150516;10.8;20.8;0
20150517;14.2;21.9;0
20150518;9.5;25.4;0
20150519;14.3;17.2;0
20150520;10.1;15.3;0.4
20150521;7.8;18.2;0
20150522;9.2;20.7;0
20150523;11.8;22.8;0
20150524;12.6;24.3;0
20150525;14.7;23.4;1.8
20150526;13;17.7;0
20150527;9.4;20.9;0
20150528;8;25.6;0
20150529;10.7;27.8;0
20150530;12.4;23.5;0
20150531;14;26.9;0
20150601;14.7;26.6;1.2
20150602;15.4;29;0
20150603;16.5;30.1;0
20150604;17.6;31.9;0
20150605;18.8;33.7;0
20150606;19.7;32.2;2
20150607;18.5;28.9;27.5
20150608;17.2;26.9;0
20150609;16;23.5;0
20150610;14.7;27.5;0
20150611;16.9;31.2;0
20150612;17.8;24.5;13.5
20150613;13.9;26.9;34.2
20150614;15.8;22.7;1.8
20150615;17.4;25.7;1.2
20150616;16.4;22.4;4.3
20150617;14.6;24.2;0
20150618;14.1;25.1;1.2
20150619;16.4;23.7;0
20150620;14.1;23.2;0
20150621;13.1;25.7;0
20150622;15.7;28.9;0
20150623;15.6;22.9;0
20150624;12.7;26;0
20150625;12.4;28;0
20150626;14.6;30.1;0
20150627;16.8;29.9;0
20150628;17.9;30.5;0
20150629;15.9;32.1;0
20150630;17.7;34.7;0
20150701;22.8;34.5;0
20150702;23;35.2;0
20150703;21.5;35.9;0
20150704;23.4;37.6;0
20150705;22;36.4;0
20150706;24.1;35.2;0
20150707;24.4;37.8;0
20150708;18.9;25.4;0
20150709;18.6;27.1;0
20150710;15.4;32.2;0
20150711;22.2;33.7;0
20150712;18.2;31.4;0
20150713;19.7;30.8;0
20150714;19.6;31.7;0
20150715;19.5;33.1;0
20150716;18.1;37.7;0
20150717;21.7;37.2;11.4
20150718;19.3;31.9;2
20150719;20.9;32.9;0
20150720;21.1;33.5;0
20150721;22.9;35.8;0
20150722;23.3;34.1;1
20150723;20.6;30.9;0
20150724;19.3;34.3;0
20150725;20.5;25.8;0
20150726;14.6;25.2;0
20150727;16.5;29.1;0
20150728;17;27.9;0.2
20150729;17.3;23;2.6
20150730;11.8;24.4;0
20150731;12.5;26.6;1.4
20150801;15.9;24.3;0.2
20150802;14.4;30.5;0
20150803;17.6;35.4;0
20150804;23.4;29.4;0
20150805;16.8;36.6;0
20150806;22.3;38.4;0
20150807;20.5;39.2;0
20150808;21;25.7;7.2
20150809;18.8;24.7;17.6
20150810;18.1;22.4;0.2
20150811;19.5;28.2;0
20150812;18.5;35.5;0
20150813;19.9;31.7;12.1
20150814;17.7;28.2;0
20150815;18.1;22;0
20150816;15.7;24.3;0
20150817;14.1;25.3;0
20150818;15.8;24.8;0
20150819;14.1;25.6;0
20150820;12;27.9;0
20150821;14.3;29.7;0
20150822;14.9;31.6;0
20150823;19.4;25.6;3.2
20150824;17.8;24.2;3.3
20150825;12.9;24.6;0
20150826;11.1;31.2;0
20150827;20;31.7;0
20150828;22;33.8;0
20150829;18.4;34.5;0
20150830;18.8;34.9;0
20150831;19.8;32.6;0.2
20150901;18.7;24.2;16.8
20150902;13.5;24.3;0
20150903;13.7;23.1;0
20150904;12.4;23.5;0
20150905;10.5;20.2;0
20150906;10.7;20.7;0
20150907;9.4;21.7;0
20150908;8.9;23.7;0
20150909;9.8;27.5;0
20150910;13.2;26.5;0
20150911;15;26.5;0
20150912;16.6;22.8;38
20150913;15.7;25.9;20.4
20150914;15.3;22.7;0.6
20150915;11.2;22.1;0.2
20150916;18.7;27.7;31
20150917;13.7;20.9;30.3
20150918;13.9;22.3;0
20150919;12.3;20.4;0.6
20150920;12.2;19.1;0
20150921;8.7;20.6;0
20150922;11.6;19.9;0.6
20150923;10.7;16.9;0.2
20150924;9;20.3;0
20150925;8.9;21.1;0
20150926;11.4;19.3;0
20150927;8.9;20.2;0
20150928;9.7;19.4;0
20150929;6.7;19.8;0
20150930;6.3;20.7;0
20151001;7;19.1;0
20151002;9.4;18.4;0.2
20151003;10.8;18.2;22
20151004;7.2;18.6;0.4
20151005;11.3;20.2;1.8
20151006;13.4;20.6;17.1
20151007;12.7;18.7;0
20151008;9.4;18.2;0
20151009;10.7;18.2;0
20151010;7.9;12;0
20151011;10.3;16.1;0
20151012;6.8;14.5;0
20151013;10.9;13.2;0.2
20151014;5.4;8.5;0
20151015;3.3;7;1
20151016;5.5;10;0
20151017;0.1;13.1;0
20151018;4.4;14.1;0
20151019;6.6;11.4;0
20151020;4.7;11.7;0
20151021;7.2;14.3;0
20151022;7.1;13;0
20151023;10.5;15.2;0
20151024;4.5;20.6;0
20151025;9.8;19.3;0
20151026;5.6;20.8;0
20151027;11.6;20.6;2.8
20151028;10.1;13.9;42.4
20151029;6.6;16;0
20151030;9.3;18.1;0
20151031;5.2;19.9;0
20151101;5.3;17.7;0.2
20151102;7.2;18.3;0
20151103;8.7;17.3;0
20151104;13.1;16.8;2.2
20151105;8.4;19.3;0.2
20151106;9.1;21.4;0
20151107;8;22.4;0
20151108;7.3;22;0
20151109;8.2;21.5;0
20151110;8.9;17.7;0
20151111;4.3;13.9;0
20151112;6.4;9;0
20151113;6;11.8;0
20151114;3.8;15.1;0
20151115;3.1;16.9;0
20151116;3.6;18.2;0
20151117;4.5;16.9;0.2
20151118;10;19.3;0
20151119;7.2;17.5;0
20151120;11.3;18.6;7.7
20151121;3.5;9.3;6
20151122;2.7;6.1;0.4
20151123;0.4;5.1;0
20151124;-3.7;3.8;4.4
20151125;2.2;7.1;5.4
20151126;4.6;7.7;0
20151127;1.1;4.4;0
20151128;-1;7.7;0.4
20151129;-1.2;8.1;0
20151130;6.1;11;0
20151201;7.9;12.5;0
20151202;-1.1;11.8;0
20151203;-1.9;12.7;0
20151204;0.8;9.3;0
20151205;3.9;9.1;0
20151206;3.4;15.7;0
20151207;3.7;15.6;0
20151208;2.2;15.6;2.4
20151209;6.3;11.5;0
20151210;0;10;0
20151211;0.2;11.8;0
20151212;1.7;12.6;0
20151213;-1.7;9.3;0
20151214;0.6;14.2;0
20151215;2.7;14.6;4.4
20151216;6.6;14.1;0
20151217;3.1;14.4;0
20151218;4.8;14.3;0
20151219;3.5;13.8;0
20151220;10.1;15.9;0
20151221;9.7;13.7;5.2
20151222;8.5;15.3;0
20151223;8.5;16.4;0.2
20151224;8.9;16.1;0
20151225;4;16.9;0
20151226;3.4;15.6;0
20151227;1.2;15.1;0
20151228;4.1;15;0
20151229;5.7;13;1
20151230;3.1;12.9;1
20151231;3.7;10.3;2
20160101;5;11.6;2.2
20160102;7.4;9.7;8.2
20160103;4.2;8.3;5
20160104;6.2;13.2;1.2
20160105;6.1;12.5;0
20160106;5;7.9;3.6
20160107;4.9;10.1;6.3
20160108;5.5;14.3;9.5
20160109;9.3;12;2.6
20160110;8.7;13.3;0.6
20160111;7.5;13.5;0
20160112;6.8;10.6;1
20160113;2.6;9.3;0
20160114;-1.9;4.6;2.6
20160115;0.9;6.1;2.8
20160116;-0.1;4;0
20160117;-0.2;3.9;0.4
20160118;-3;3.5;0.6
20160119;1.3;5.7;0.6
20160120;4;6.6;0
20160121;1;5.4;0
20160122;-1.2;10.6;4.4
20160123;6.1;10.8;0
20160124;-0.2;9.4;0
20160125;-0.9;13.5;0
20160126;3;13.9;0
20160127;4.9;13.2;0
20160128;7.3;14.8;0.2
20160129;7.1;11.7;0
20160130;2;13.1;1.2
20160131;9.5;12.2;0.8
20160201;8.9;15.1;0
20160202;6.9;14.5;0.4
20160203;4.4;9.6;3.6
20160204;3;9.1;2.2
20160205;4.6;10.6;0.2
20160206;1.6;15.4;0
20160207;4;11;20.6
20160208;2.3;12.3;0.6
20160209;9.3;12.8;1.6
20160210;3.3;9.6;1.2
20160211;0.5;8.6;2.2
20160212;0.3;9.6;2.6
20160213;5.6;13.3;2.8
20160214;5.9;10.8;2.2
20160215;3.5;5.6;0
20160216;2.5;5.4;0
20160217;2.5;4.4;0
20160218;-1.9;9.1;0
20160219;2.8;7.9;0
20160220;-1.4;12.5;0
20160221;6.9;19.2;0
20160222;4.9;12.1;2.4
20160223;6.4;12.2;4.6
20160224;4;10.9;2.6
20160225;4.8;8.7;1.6
20160226;-0.6;8.4;0
20160227;0.6;7.8;0.4
20160228;3.8;10.1;0
20160229;3.9;5.4;0
20160301;1.9;8.7;0.4
20160302;5;12.4;13.3
20160303;0.5;7.6;1.8
20160304;1.6;9.8;24.4
20160305;3.7;11.1;0.8
20160306;0.8;7.7;0.2
20160307;-2;8.8;2.4
20160308;1.7;5.5;0
20160309;-3.4;7.6;2.6
20160310;2.7;11.1;0
20160311;2.9;12;0
20160312;2.5;9.9;0
20160313;2.8;10.6;0
20160314;-0.2;13.2;0
20160315;-0.5;13.5;0
20160316;2.7;5.1;4.4
20160317;1.9;14.1;0
20160318;-0.4;15.8;0
20160319;0.4;16.7;0
20160320;2.4;9.9;0
20160321;3.7;12.4;0
20160322;3.5;14.2;0
20160323;5.2;13.3;0
20160324;4.3;13.2;0
20160325;4;10.9;0.8
20160326;3.5;18.6;4.2
20160327;7.9;13.2;4.7
20160328;4.9;15.1;1.2
20160329;9.8;17.1;0.4
20160330;11.2;21.2;0
20160331;12.8;21.1;8.9
20160401;6.5;8.5;0.4
20160402;7.5;14.4;0
20160403;11.3;17.2;0
20160404;12.3;16;0
20160405;11.4;14.1;24.4
20160406;8.8;17.9;0
20160407;7.1;14.7;0
20160408;5.7;12.1;1
20160409;7.7;14.7;0
20160410;3.4;20.6;0
20160411;12.5;20.1;0
20160412;10.4;21;2.2
20160413;10.4;18.2;21.9
20160414;6.1;20.3;0
20160415;13.4;19.8;2.2
20160416;13.8;22.6;12.7
20160417;9.3;17.3;21.5
20160418;5.8;10.9;1.2
20160419;4.4;18.2;0
20160420;4.6;21.4;0
20160421;9.5;21.3;5.4
20160422;11.5;19.2;10.7
20160423;10.7;14.1;1.4
20160424;5.4;11.1;0
20160425;4.6;12.4;0
20160426;8.2;13.7;5.9
20160427;2.9;12.4;0
20160428;4.3;15.4;0
20160429;1.8;17.4;0
20160430;4.6;13.9;16.5
20160501;5.6;9.4;1.2
20160502;6.8;19.8;0
20160503;9.2;17.3;0
20160504;5.9;19.8;0
20160505;4.3;23.3;0
20160506;9.9;23.7;0
20160507;13;24.1;0
20160508;11.1;22.9;2.8
20160509;13.3;21.6;3
20160510;14.3;23.9;6.2
20160511;14.1;18;11.7
20160512;10.9;18;3.2
20160513;12.3;18.8;7.7
20160514;12.8;18.3;2.6
20160515;7.9;15.4;0
20160516;3.5;18;0
20160517;6.1;20.3;0
20160518;8.4;22.4;5.2
20160519;10.9;16.3;3.6
20160520;6.5;21.3;0
20160521;9.4;27;0
20160522;13.3;21.7;14.3
20160523;9.1;12.4;1.2
20160524;10.8;17.2;0
20160525;6.7;18.7;0.2
20160526;9.2;24.2;0
20160527;12.2;29.9;0
20160528;16.2;28.1;6.4
20160529;15;20.1;14.7
20160530;13.3;20.7;4.2
20160531;13.5;18.6;2.8
20160601;12.2;20.2;0
20160602;13.6;16.5;11.6
20160603;14;19.6;0
20160604;13.9;22.4;0
20160605;15.7;22.7;0
20160606;14.5;26;0
20160607;16.1;28.2;1
20160608;16.6;27.1;0
20160609;16.5;25.4;0
20160610;13.9;25.3;0.4
20160611;16.5;24.9;0
20160612;13.9;21.5;2.8
20160613;15.5;20.9;10.2
20160614;15;21.5;0.6
20160615;13.7;23.5;19.4
20160616;13.7;22.9;8.5
20160617;13.7;22.7;2.4
20160618;14.2;20.1;0.8
20160619;14.8;20.4;1.2
20160620;11.7;22.7;1
20160621;15.6;27.1;0.2
20160622;17.1;31.6;0
20160623;20.2;33.4;0
20160624;16.3;32.2;17.9
20160625;17.9;26;0
20160626;15.3;24;0
20160627;14.5;25.2;0
20160628;14.4;27.7;0
20160629;18.4;30.1;7.6
20160630;19.8;28;0
20160701;17.5;30.3;5.7
20160702;18.6;22;1.8
20160703;12.2;25.2;0
20160704;14;26.8;0
20160705;17.8;29;0
20160706;18.7;26.5;0
20160707;16.3;28.8;0
20160708;17.1;32.2;0
20160709;19.6;30.7;0
20160710;18.5;34.9;0
20160711;20.8;29.5;3.2
20160712;15.1;20.5;5.5
20160713;13.4;20.2;0.8
20160714;10.8;20.8;2
20160715;11.8;22.6;0
20160716;12.3;26;0
20160717;12.5;29.8;0
20160718;16.7;33.5;0
20160719;17.1;34.3;0
20160720;17.7;34.4;0
20160721;20.5;31.3;0.2
20160722;20.2;27.2;6.6
20160723;19.1;26.8;0
20160724;18.7;27.9;0
20160725;20.2;30;0
20160726;20;30.9;0
20160727;19;28.4;0
20160728;16;28.5;0
20160729;17.6;30.7;0
20160730;18.8;32.1;14.6
20160731;18.8;25.9;0
20160801;14.9;27.6;0
20160802;15.2;29.5;0
20160803;17.2;32;0
20160804;17.1;28.4;12.5
20160805;16.1;22.8;1.4
20160806;15.3;25.3;0
20160807;15.9;27.4;0
20160808;14.3;30.2;0
20160809;18.3;23.9;0
20160810;13.9;22.5;0
20160811;12.7;22.7;0
20160812;11.4;26.8;0
20160813;14.2;31.2;0
20160814;16.3;34;0
20160815;16.2;33.1;0
20160816;17.6;33.4;0
20160817;19.7;31.2;9.9
20160818;18.3;27.6;12.7
20160819;16.8;29;4.2
20160820;17.2;19.9;9.5
20160821;14.3;23.3;0
20160822;12.6;26.1;0
20160823;14.7;30.4;0
20160824;16.6;33.5;0
20160825;17.5;34.5;0
20160826;18.4;34.9;0
20160827;20;34.2;0
20160828;17.8;32.7;0
20160829;20.7;25;0
20160830;17.4;27.7;0
20160831;17.3;31.3;0
20160901;18;29.8;0
20160902;14.5;30.4;0
20160903;15.9;32;0
20160904;15.8;31.6;0
20160905;17;23.4;0
20160906;18.6;27.7;0
20160907;13.3;30.8;0
20160908;16.1;30.8;0
20160909;20.1;28.2;0
20160910;16.1;30.1;0
20160911;16.2;30.8;0
20160912;19.2;33.2;0
20160913;19;32.2;0
20160914;18.8;26.7;3.4
20160915;16.3;24.8;0
20160916;15.1;22.6;4.6
20160917;13.5;18.4;6.4
20160918;13.2;16.4;7.9
20160919;14.5;21.2;0
20160920;13;20.2;0
20160921;8.6;20.1;0
20160922;9.1;23.1;0
20160923;11.6;23.9;0
20160924;9.6;25.7;0
20160925;14.8;25.9;0.6
20160926;15;19.9;0
20160927;11.3;22.8;0
20160928;10.5;26.1;0
20160929;11.6;27.4;0.4
20160930;15.7;25.5;0
20161001;15.9;20;5.6
20161002;12.9;20;0
20161003;6.1;19.8;0
20161004;5.8;19.7;0
20161005;6.8;19.3;0
20161006;5.1;13.6;0
20161007;3.1;17.5;0
20161008;5.4;16;0
20161009;5.2;14.2;0
20161010;4.4;12.6;0
20161011;3.8;14.8;0
20161012;0.8;13.6;4.4
20161013;8.6;10.3;44.5
20161014;9.6;13.8;11.1
20161015;9;20.4;0
20161016;5.4;20.3;0
20161017;13.8;18.3;0.6
20161018;12.4;18.4;0
20161019;7.8;13.9;0
20161020;7.6;14.4;0
20161021;6.1;14.3;0.2
20161022;4.1;13;0.6
20161023;6.6;17.4;0
20161024;13.6;24.2;14.2
20161025;14.4;16.1;8.9
20161026;13.5;15.5;2.4
20161027;10.3;13.4;0
20161028;6.2;11.7;0
20161029;7.4;9.5;0.2
20161030;8.7;11.9;0
20161031;5.2;12;0
20161101;5.1;19.3;0
20161102;6.4;12.9;0
20161103;6;12.5;0
20161104;1.1;17.3;6.9
20161105;10.8;16.8;24
20161106;5.5;9.5;0.2
20161107;2.9;10;0
20161108;3.2;6.5;0
20161109;-0.1;9.3;5.2
20161110;5.9;8.9;3.4
20161111;7.3;9.9;0.6
20161112;1;7.1;0
20161113;2.3;8.2;1.4
20161114;5.1;6;0
20161115;-1.4;8.9;0
20161116;4.8;11.3;0
20161117;8.1;16.5;0
20161118;12.1;13.8;2
20161119;6.5;12.7;0
20161120;4.8;17;0
20161121;15.2;16.9;34.4
20161122;9;10.1;11.7
20161123;7.8;13.7;0.2
20161124;8.5;13.1;4.6
20161125;7.7;15.4;2
20161126;7.6;15.4;0
20161127;3.2;7.8;0
20161128;5.7;7.8;0
20161129;0.7;6.8;0
20161130;-0.5;10.2;0
20161201;-2.5;4.7;0
20161202;-2.1;2.4;0
20161203;-0.5;6.5;0
20161204;-1.9;7.3;0
20161205;-1.3;8.1;0
20161206;-2.1;6.6;0
20161207;-0.6;1.6;0
20161208;-2.3;10.9;0
20161209;-2.6;9;0
20161210;-3.4;9.2;0
20161211;-3.6;8.7;0
20161212;1.3;5.5;0
20161213;1.6;6.1;0
20161214;-1.4;7.2;0
20161215;-1.5;8.4;0
20161216;0.3;11.3;0
20161217;-1.2;6.4;0
20161218;-1;0.9;0
20161219;-0.6;2.4;8.3
20161220;1.8;4.6;0
20161221;0.9;4.7;0
20161222;1.7;4.2;0
20161223;2.4;7.9;0
20161224;4.3;10.2;0
20161225;2.7;10;0
20161226;6.2;9.7;0
20161227;3.9;6.9;0
20161228;-2.9;2.8;0
20161229;-2;0.8;0
20161230;-0.5;3.7;0
20161231;-0.3;1.7;0
20170101;-1.1;1.9;0
20170102;-0.5;1.2;0
20170103;-0.2;0.5;0
20170104;-1.2;3.3;0.2
20170105;0.8;4.9;0
20170106;-3.4;0.6;0
20170107;-6.5;0.5;0
20170108;-1.9;2.8;0
20170109;0;2.7;2
20170110;0.4;3.5;5.3
20170111;-0.2;6.5;0
20170112;3.1;10;3
20170113;2.8;5;0
20170114;0.9;4.5;1.2
20170115;-0.1;3.1;0
20170116;-0.4;3.5;0
20170117;-3.4;1.2;0
20170118;-5.4;0.9;0
20170119;-8.3;1.2;0
20170120;-8.5;2.9;0
20170121;-6.6;3.2;0
20170122;-6.7;0.2;0
20170123;-6.1;1.6;0
20170124;-7.2;-2.7;0
20170125;-3.7;-1.4;0
20170126;-8.3;2.1;0
20170127;-2.3;5.5;0
20170128;0.8;9.5;0
20170129;2.4;11.5;0
20170130;2;9.8;2.4
20170131;7.4;13;0
20170201;6.6;15.9;0
20170202;7.4;16.3;4.8
20170203;4.8;11.2;0.4
20170204;6.2;14.1;2.2
20170205;4;9;1.6
20170206;5.2;7.6;0
20170207;3.5;7.4;1.2
20170208;3.8;8.1;0
20170209;4.8;6.4;0.4
20170210;1.4;10.5;0
20170211;3.7;12.2;0
20170212;5.1;15.9;0
20170213;1.6;13.8;0
20170214;4.3;16.5;0
20170215;3.5;17.1;0
20170216;2;16.6;0
20170217;3;13.4;0
20170218;0.5;11.7;0
20170219;-2;15.6;0
20170220;-0.8;13.9;0.4
20170221;7.6;13.6;0
20170222;4.4;15.3;0
20170223;2.4;18.9;0.2
20170224;7.3;11.2;0
20170225;2.4;10.6;0
20170226;-1;15.4;0
20170227;1.9;14.5;1.6
20170228;6.9;12.7;5.5
20170301;4;10.3;0.4
20170302;7.8;13.5;1.6
20170303;2.5;16;0
20170304;6.1;11.8;6
20170305;4.3;10.1;8.4
20170306;5.9;16.4;7
20170307;4.9;10.6;0
20170308;-0.1;10.6;0
20170309;6.6;15.6;0
20170310;9.6;17;0
20170311;2.1;20.4;0
20170312;5.8;17.9;0
20170313;6.7;17.7;0
20170314;7.9;17.7;0
20170315;4.7;17;0
20170316;4.2;21;0
20170317;5.4;23.6;0
20170318;8.2;13.3;0.6
20170319;9.5;17.8;0
20170320;11.2;17.3;0
20170321;9.4;15.7;2
20170322;5.6;12.2;2.6
20170323;7.9;18.6;25.8
20170324;6;12.2;0.2
20170325;8.1;13.8;1.4
20170326;6.3;17.5;0
20170327;4.4;18.8;0
20170328;5.2;20.8;0
20170329;5.9;21.3;0
20170330;5.9;24.6;0
20170331;11.1;21;0
20170401;8.1;13.2;6.4
20170402;8.6;13.5;4.2
20170403;8.8;20.3;0
20170404;11.2;19.7;0
20170405;8.8;18;0
20170406;8.1;16.1;0
20170407;4.6;19.1;0
20170408;6.6;22.2;0
20170409;6.4;25.1;0
20170410;8.8;25.9;0
20170411;10.3;17.8;0
20170412;5.4;21.7;0
20170413;6.1;21.6;0
20170414;7.3;20.7;0
20170415;9.5;17.6;0
20170416;9.8;17.3;0
20170417;5;16.7;0
20170418;6.2;13;0
20170419;2.7;12.5;0
20170420;1.2;13.5;0
20170421;1.5;16.6;0
20170422;1.7;20.3;0
20170423;7.9;18.6;0
20170424;3.2;22.9;0
20170425;11;14.3;29
20170426;4;8.1;0.6
20170427;3.9;11.5;0
20170428;4.1;13.4;0
20170429;0.5;18.5;0
20170430;8.7;18.8;9.5
20170501;5.2;15.3;2.2
20170502;6.5;14.1;6.2
20170503;8.2;16.4;3.8
20170504;8.9;16.1;0
20170505;5.5;21.4;0
20170506;11.9;14.1;15.5
20170507;10.8;16;3
20170508;9.3;15.1;0
20170509;6.9;17.9;0
20170510;4.9;22.4;0.4
20170511;12.1;16.8;10.1
20170512;11.3;18.9;13.5
20170513;11.3;19.8;0.8
20170514;9.4;23;2
20170515;9.7;24.1;0
20170516;10.4;27.5;0
20170517;12.5;28.3;0
20170518;15.8;26.5;17.9
20170519;8.8;16.9;3.3
20170520;7.9;18.7;0
20170521;8.2;22.9;0
20170522;10.1;26.5;0
20170523;14.5;27.6;0
20170524;16.9;26;0
20170525;14.5;28;0
20170526;13.7;29.6;0
20170527;17.4;30;0
20170528;15.7;30.4;0
20170529;16.2;31;0
20170530;18.5;29.1;0
20170531;19.4;26.9;0
20170601;15.3;28.1;1.6
20170602;14.8;29.3;0
20170603;18.5;27.5;16.4
20170604;14.1;20.5;0.2
20170605;15;23.1;1.4
20170606;13.8;21.6;5.3
20170607;9.7;21.1;0
20170608;9.1;28.8;0
20170609;17.7;28;0
20170610;18.4;28.4;0
20170611;15.7;33.4;0
20170612;20.3;30.4;0
20170613;18.6;30.5;2
20170614;19;30.3;0.2
20170615;18.7;32.6;18.5
20170616;19.1;27.7;0
20170617;16.5;26.7;0
20170618;16.2;30.6;0
20170619;18.5;32.9;0
20170620;20.5;34.4;0
20170621;22.4;36.1;0
20170622;22.3;36.6;0
20170623;23.3;36.2;0
20170624;23;31.1;5.3
20170625;19.7;28.8;0
20170626;18;26.3;0.4
20170627;18;32;13.5
20170628;15.6;25.7;8.1
20170629;14.7;23.4;0.4
20170630;13.8;22;1.8
20170701;14.2;19.3;2.4
20170702;14.1;23.9;0
20170703;16.2;26.1;0
20170704;13.9;30.7;0
20170705;16.5;33.2;0
20170706;16.2;33.9;0
20170707;20.1;36.2;0
20170708;20.7;37.3;0
20170709;21.9;30.4;0
20170710;15.8;28.8;11.5
20170711;16.7;29.6;0
20170712;18.2;31.4;0
20170713;18.6;28.7;0
20170714;19.7;27.9;0
20170715;17.7;26.4;0
20170716;16.8;29.6;0
20170717;17.7;33.4;0
20170718;21.4;33.2;0
20170719;22.7;32.4;0.6
20170720;18.7;30.3;0.2
20170721;17.5;27.6;1.6
20170722;16.4;28.7;10.7
20170723;17.1;27.3;1.6
20170724;17.3;24.1;0.6
20170725;15.7;21.8;1
20170726;14.3;25.5;0
20170727;18.1;29.7;0
20170728;19.6;28.6;0
20170729;15.9;31.9;0
20170730;20.1;32.1;5.6
20170731;19.7;34.7;0
20170801;21.9;31.6;0
20170802;19.8;36.9;0
20170803;24.1;37.9;1.8
20170804;20.9;32.6;0
20170805;19.5;33;3.5
20170806;18.7;27.7;0
20170807;15;30.9;13.8
20170808;16.9;21.5;13.2
20170809;13.3;24.4;0
20170810;13.5;23;0.6
20170811;13.2;21.1;1.6
20170812;11.8;24.7;0
20170813;15;26.4;0
20170814;15.5;32.1;0
20170815;19;32.4;1
20170816;18;30.1;0
20170817;19;31.7;0
20170818;17.9;32.8;9.9
20170819;17.4;24.8;0
20170820;14.6;24.5;0
20170821;12;27.6;0
20170822;14.4;32.1;0
20170823;18.8;34.6;0
20170824;21.4;29.3;1.6
20170825;21;33.4;0.4
20170826;20.4;34.4;0
20170827;21.2;34;0
20170828;20.4;34.7;0
20170829;19;35.5;0
20170830;22.5;31.8;8.9
20170831;15.7;18;2.8
20170901;10.8;22.3;0
20170902;12.9;19.2;2.4
20170903;9;22.6;0
20170904;13.1;27.5;0
20170905;14.2;28.9;0
20170906;18.5;22.7;0
20170907;14.3;21.7;0
20170908;11.3;24.3;0
20170909;14.4;18.9;6.2
20170910;11.4;20.8;0
20170911;11.1;22.2;0.2
20170912;13.2;20.8;0
20170913;11;27.2;0
20170914;12.4;20.1;2.6
20170915;6.3;19.8;0
20170916;10.8;19.1;0.6
20170917;8.7;17.1;2.6
20170918;10.6;18.3;0
20170919;9.1;17.2;1.2
20170920;6.6;19.6;0
20170921;5.6;23.7;0
20170922;8.9;23.7;0
20170923;9.1;24.5;0
20170924;10.7;25.6;0
20170925;11.2;22.8;3.6
20170926;12.7;23.4;0
20170927;11.4;25.6;0
20170928;11.4;25.2;0
20170929;13.5;28.1;0
20170930;12.3;19.2;13.3
20171001;10;18.7;1.6
20171002;13.2;21.6;0.8
20171003;16;19.8;2
20171004;6.9;20;0
20171005;6.6;24.1;1.4
20171006;11.1;16.5;0
20171007;6.7;16.8;0.8
20171008;7.8;16;0
20171009;10.2;19.4;0
20171010;6.9;21.1;0
20171011;6.4;24.6;0
20171012;12.1;23.2;0
20171013;8.2;23.9;0
20171014;8;24.3;0
20171015;9.5;25.7;0
20171016;11.2;26.2;0
20171017;8.9;25.6;0
20171018;13.8;24.7;0
20171019;13.9;26.4;0
20171020;12.7;22.2;0
20171021;14.1;24.4;1
20171022;8.7;15.1;1.4
20171023;7.4;14.2;0
20171024;8.2;18.6;0
20171025;9.1;20.2;0
20171026;7.3;25.3;0
20171027;8.1;17.7;0
20171028;4.9;15.3;0
20171029;2.9;13;0
20171030;5.9;12.8;0
20171031;0.4;12.2;0
20171101;0.3;17.1;0
20171102;4;20.1;0
20171103;4;18.7;0
20171104;7.7;18.6;30.9
20171105;7.7;11.7;1.6
20171106;5.5;9.1;0
20171107;4.7;8.3;0.2
20171108;5;8.8;0
20171109;4.7;7.4;0
20171110;5.6;9.4;0.2
20171111;5.3;10.9;3.8
20171112;7.5;14.4;5.5
20171113;4.3;8.6;0.6
20171114;4;8.8;0
20171115;2.3;5;0
20171116;-2.3;2.3;0
20171117;1.5;5.6;0
20171118;1.9;7.2;0
20171119;-0.1;6.7;0
20171120;3.2;8;0
20171121;-1.8;13.8;0
20171122;0.4;16.7;0
20171123;13.1;17.1;0
20171124;12.2;16.3;4.8
20171125;6.1;11.5;6.7
20171126;0.2;8;0
20171127;-0.4;9;0
20171128;-2;5.7;4.6
20171129;2;5.8;4.6
20171130;0.8;5;0.6
20171201;0.8;3.1;0
20171202;-0.3;2.6;0
20171203;-1;0.8;0
20171204;-0.9;4.3;0
20171205;2.8;3.9;0
20171206;1.9;2.6;0
20171207;-2;12.5;3.8
20171208;4.5;10.3;0.4
20171209;-0.1;4;0
20171210;-1.6;13.6;3.8
20171211;7.4;14.1;6.8
20171212;1.6;6.5;1.6
20171213;-3.1;7.8;2
20171214;5.2;13;3.4
20171215;3.8;9.8;0
20171216;2.4;7;5.2
20171217;0.3;3.4;6
20171218;-1.9;3.1;4.9
20171219;1.9;5.2;0
20171220;3.4;5.6;0.2
20171221;4.5;6.5;0.6
20171222;5.7;9.3;0.2
20171223;6.2;7.9;0
20171224;4.5;5.5;0
20171225;2.6;11.8;0
20171226;7.3;12.1;0.2
20171227;4.8;8.8;2
20171228;1.5;5.1;0
20171229;-2.1;5.5;9.7
20171230;3.5;9.8;4.4
20171231;3.4;14;1.6
20180101;6.1;9.6;0.8
20180102;4.9;9.5;0
20180103;7.5;17.2;25.8
20180104;7;15.7;2.4
20180105;10;15.6;0.2
20180106;6.9;16.2;0
20180107;6.8;8.9;0
20180108;6.5;8.8;4.4
20180109;4.4;10.1;2
20180110;7.5;10.6;0.2
20180111;2.6;11;0
20180112;4.8;7.8;0
20180113;-0.1;9.1;0
20180114;3.7;8.7;0
20180115;0.4;10.7;1.8
20180116;7.6;11.9;4.6
20180117;4.3;8.6;0.2
20180118;3;9.9;2.6
20180119;5.1;10.5;0.2
20180120;2.7;10.2;10.1
20180121;6.2;9.2;3.4
20180122;7.1;14.7;0.8
20180123;6.4;12.5;0
20180124;5.2;15.2;0
20180125;9.7;13.5;6.9
20180126;4.3;6.2;26.4
20180127;5.2;8.6;0
20180128;4.7;11.5;0.2
20180129;6;9.3;0.4
20180130;7.4;9.4;0
20180131;6.7;12;7.5
20180201;5.3;9.9;0.8
20180202;-1;7.1;1
20180203;0.7;6.1;0
20180204;-0.3;5.9;1
20180205;0.4;1.7;3.4
20180206;1.2;7.6;3.6
20180207;-0.1;1.5;0.2
20180208;0;2.6;0
20180209;1.5;6.1;2
20180210;1.2;5.5;0
20180211;0.5;4.8;3
20180212;0.5;5.6;0.2
20180213;-5;5.3;1.4
20180214;0.5;6.8;2.8
20180215;2.4;11.7;3.8
20180216;7.7;9.2;1
20180217;7.6;12.5;4.2
20180218;3.4;6.1;0
20180219;-2.9;7.2;0
20180220;2.5;7.7;0
20180221;-0.6;4.4;0
20180222;0.1;2.3;0
20180223;-1.9;3.9;0
20180224;-2.5;5.5;0
20180225;-0.7;3.3;0
20180226;-5.3;0.2;0
20180227;-8;-1.6;0
20180228;-10;1.2;1.6
20180301;-1.2;8.3;4.2
20180302;3.3;11.1;10.7
20180303;3.3;14.1;2.2
20180304;0.4;15.4;8.1
20180305;4.1;14.1;0.2
20180306;7.2;12.9;6.1
20180307;4.6;13.2;0.8
20180308;-0.6;15.2;0
20180309;9.5;15.6;13.7
20180310;9.2;18;2.2
20180311;12.3;18.7;3
20180312;8.8;13.6;0.4
20180313;7.5;12.1;0
20180314;0;16.7;0
20180315;7.3;12.1;20.6
20180316;5;16.6;7.7
20180317;6.6;9.8;6.3
20180318;2.3;8.8;0
20180319;1.7;9;0
20180320;1;6.8;0
20180321;0.8;8;0
20180322;-0.9;10;0.2
20180323;3.5;9.9;0
20180324;-1.6;15.6;0
20180325;5.2;15.3;0
20180326;5.1;12.6;0.4
20180327;5.1;12.3;1.8
20180328;8;16.4;6
20180329;7.6;14.4;0
20180330;3.4;11.8;11.7
20180331;1.7;13.8;1
20180401;6.6;13.5;0
20180402;2.2;15.6;0
20180403;12.3;19;0
20180404;9.6;16.1;13.3
20180405;8.5;16.4;0
20180406;2.8;22.3;0
20180407;11.6;21.5;0
20180408;9.3;20.3;0
20180409;12;18;4.6
20180410;6.6;15.9;0.2
20180411;7.7;15.7;3.2
20180412;7.5;16.5;0.6
20180413;7.8;17.7;1.8
20180414;10.6;16.5;0.6
20180415;8.3;20.7;0
20180416;7.8;20.2;0
20180417;8.3;22.8;0
20180418;9.2;27;0
20180419;10.7;27.6;0
20180420;10.5;28.1;0
20180421;11.1;28.7;0
20180422;12.2;28.3;0
20180423;14;22;0
20180424;11.1;25.3;0
20180425;11.6;26.6;0
20180426;11.7;18.6;0
20180427;5.5;25.7;0.6
20180428;11.6;17.7;0
20180429;8.9;22.7;5.6
20180430;8.6;17.3;1.4
20180501;7.8;14.3;0.6
20180502;10.2;17.9;0.2
20180503;10.8;15.6;0.6
20180504;13.5;20.8;0
20180505;13.7;24.6;0
20180506;12.4;27.3;0
20180507;14.8;28.2;0
20180508;14.2;26.4;0.6
20180509;15.4;24.4;7.1
20180510;14.3;17.4;0
20180511;10.6;24.6;0
20180512;13.8;24.3;7.4
20180513;7.5;9.7;21.3
20180514;7.5;12.2;12
20180515;11;18.8;0.2
20180516;10.8;19.9;1.2
20180517;9.4;20.5;0
20180518;12.1;22.8;0
20180519;11.5;23.3;0
20180520;11;23.8;0
20180521;12.2;25.3;0
20180522;14.7;25.1;24.5
20180523;14.5;21.7;8.9
20180524;11.6;26;0
20180525;14.2;27.9;0
20180526;17.8;29.9;0.6
20180527;18.8;28.9;3.6
20180528;16.5;24.1;3.8
20180529;15.7;25.9;0
20180530;15.9;23.9;16.1
20180531;15.6;23.4;0.2
20180601;14;25;0
20180602;15.2;27.1;0
20180603;17.4;26.8;2.2
20180604;16.3;26.6;4.8
20180605;16.9;26.7;0.4
20180606;16.6;26;0
20180607;18.4;26.8;8.9
20180608;16.9;26.3;2.8
20180609;16.7;28.9;0
20180610;18.8;29.4;0.4
20180611;17.4;26.5;11.9
20180612;15.7;24.1;44.2
20180613;15.6;21;0
20180614;12.8;23.1;0
20180615;15.9;25.2;0
20180616;15.2;26.8;0
20180617;18.1;23.4;0
20180618;12.9;24.6;0
20180619;16.8;28.5;0
20180620;18.3;31.4;0
20180621;18.2;31.1;0
20180622;12.6;22.9;0
20180623;11.9;24.2;0
20180624;15.2;25.1;0
20180625;14.8;26.6;0
20180626;15.3;28.9;0
20180627;17.2;29.6;0
20180628;16.7;28.7;0
20180629;16;29.1;0
20180630;17.5;33.5;0
20180701;18.4;35;0
20180702;20.5;33.8;40.6
20180703;18.4;29.6;0.8
20180704;17.6;32;3.2
20180705;18;26.4;5.4
20180706;17.8;27.1;0.4
20180707;17.3;30;0
20180708;18.8;29.3;0
20180709;18.7;30;0
20180710;19.6;28.5;0
20180711;15.3;24.8;0
20180712;14.5;28.1;0
20180713;15.9;31.7;0
20180714;17.9;32.9;4.9
20180715;17.5;31.4;5.9
20180716;16;31;0
20180717;18.6;30.1;0
20180718;16.1;31.3;0
20180719;16.8;32.7;0
20180720;19.2;31.2;14.2
20180721;17.3;25.9;0
20180722;15.5;28.6;0
20180723;19.9;30.7;0
20180724;17.6;32.7;0
20180725;19;33.9;0
20180726;19.7;35.2;0
20180727;21;36.5;0
20180728;19.9;26.6;14.1
20180729;18.1;32.9;0
20180730;19.6;33.1;0
20180731;21.2;34.8;0
20180801;24.1;33;0
20180802;21.1;33.8;0
20180803;21.7;35.3;0
20180804;23.9;37;0
20180805;25.7;36.3;0
20180806;22.2;36.3;0
20180807;24.9;35.8;0
20180808;23.8;33.8;0
20180809;19;25.1;14.2
20180810;14.8;26.4;0
20180811;13.8;27;0
20180812;13.9;32.2;1.2
20180813;19.6;27.4;12.5
20180814;18.3;26.9;1.2
20180815;17.2;28.6;0
20180816;16.2;32.4;2.6
20180817;19.9;25.5;0
20180818;18.3;27.7;0
20180819;18.2;29.9;0
20180820;17.5;30.9;0
20180821;20.2;31.9;0
20180822;19;34.4;0.6
20180823;19.1;33.1;1.6
20180824;20.7;26.1;0
20180825;12.9;21.6;0
20180826;11.2;23.3;0
20180827;10.3;29.3;0
20180828;16.3;32.3;0
20180829;20.4;30.6;6.3
20180830;15.3;21.7;0
20180831;16.6;24.5;0
20180901;12.8;24;0
20180902;12.8;25;0
20180903;13.3;25.7;0
20180904;13.2;27.2;0
20180905;13.7;31;0.8
20180906;17.8;23.3;5.2
20180907;16.1;25.6;0
20180908;10.7;26.9;0
20180909;11.5;30.6;0
20180910;14.2;31.6;0
20180911;14.4;32.5;0
20180912;16.8;32.9;0
20180913;17.1;31.5;1.4
20180914;18.4;26.2;0
20180915;15.3;26.1;0
20180916;11.1;28.5;0
20180917;14.3;31.1;0
20180918;17;31.1;0
20180919;16.7;31.5;0
20180920;16.5;32.3;0
20180921;17.4;30.9;0.2
20180922;10.9;24.2;0
20180923;16.9;32;3
20180924;11.1;18.5;0
20180925;7.9;20.1;0
20180926;6.8;26.3;0
20180927;9.8;28.8;0
20180928;10;27.4;0
20180929;12.6;21.8;0
20180930;9.7;19.6;1
20181001;11.3;15.9;0
20181002;7.9;16.7;0
20181003;9.4;20.7;0
20181004;12.9;19.8;0
20181005;8.2;27.1;0
20181006;11.6;25.3;25.7
20181007;12;15.3;5.8
20181008;13.8;18.4;0
20181009;11.7;18.7;0.2
20181010;12.1;18.9;1.4
20181011;15.2;24.9;0
20181012;18.1;25.3;0
20181013;14.7;26.3;0
20181014;16.2;23.8;0
20181015;12.3;24.2;0
20181016;12.5;24.9;0
20181017;10.4;23.6;0
20181018;9.7;22.3;0
20181019;9.4;21.9;0
20181020;8.8;18.4;0
20181021;7.6;15.6;0
20181022;4.6;17.8;0
20181023;8.6;17.5;0
20181024;7.1;18.3;0
20181025;11.6;13.8;0
20181026;10.7;16.2;0.6
20181027;7.1;9.1;2.2
20181028;5.7;9;13.1
20181029;4.9;5.3;45.8
20181030;1.5;10.9;0.2
20181031;4.4;15.8;1
20181101;8.9;12.3;1.2
20181102;4.1;14.9;0
20181103;7.7;10.9;0
20181104;4.3;12.1;0
20181105;4.8;18.4;0
20181106;9.5;14.1;1.2
20181107;7.2;15;9.9
20181108;7.8;13.2;0
20181109;8.2;18.9;0
20181110;9.9;17.7;3.2
20181111;13;19;0.6
20181112;15.8;20.8;0
20181113;11.3;13.2;1
20181114;9.7;16.1;0
20181115;7.8;18.2;0
20181116;6.5;10.2;0
20181117;7.4;8.6;1
20181118;3.6;7.1;0
20181119;1.6;2.7;0
20181120;1.2;7.2;9.3
20181121;4.3;7.4;0
20181122;2;11.4;0
20181123;2.1;6.9;25.4
20181124;1.9;13.6;0
20181125;0.1;7.8;3
20181126;2.5;7.7;2.6
20181127;5;8.6;0
20181128;0.6;11.1;0
20181129;3.5;15.5;0
20181130;8;9.9;3.8
20181201;6.5;8.5;10.3
20181202;6.7;10.9;6.6
20181203;9.6;15.3;2.6
20181204;8.7;15.2;0
20181205;2.7;14.2;1.4
20181206;6.9;14.1;2
20181207;9.4;15.5;2
20181208;4.1;12.6;0.6
20181209;8.8;12.5;1
20181210;6.6;9.9;0.6
20181211;3.6;9.2;0
20181212;-2.4;1.2;0
20181213;-2.4;0.5;0
20181214;-0.8;1.5;0
20181215;-0.4;4.4;2.6
20181216;1.7;6.7;2.8
20181217;4.5;10.7;0.4
20181218;-0.6;11.6;0.4
20181219;6.6;10.3;11.9
20181220;2.5;8.8;0
20181221;5.4;11.3;7.2
20181222;9.7;11.8;1.2
20181223;8;12.7;0
20181224;8.2;13.5;0
20181225;2.3;5.6;0
20181226;0.8;4.1;0
20181227;-0.1;5.2;0
20181228;-0.1;5.1;0
20181229;2.1;3.5;0
20181230;1;6.7;0
20181231;4.3;7.7;0
20190101;6.5;7.3;0
20190102;4;6.9;0
20190103;-0.1;5;0
20190104;-0.2;5.7;0
20190105;1.2;4.3;0
20190106;3.1;4.6;0
20190107;2.8;5.1;0
20190108;3;5.1;1.6
20190109;1.9;5.2;2.8
20190110;1.1;4.5;0
20190111;-0.1;4.2;0
20190112;1.1;6.3;6
20190113;4.1;8.8;5.9
20190114;6;8.6;1.6
20190115;1.3;8.8;0
20190116;-3.2;12.7;0
20190117;4.4;11.5;0.2
20190118;0.6;4.2;0
20190119;-5.4;4.3;0
20190120;-1.4;8.7;0
20190121;1.7;3.5;0
20190122;-0.9;4.3;1.6
20190123;-0.6;2.2;4.8
20190124;0.1;2.1;0
20190125;-1.7;3.7;0
20190126;-1.1;5.6;0.2
20190127;0.7;11.2;1.4
20190128;0.8;6.4;0.2
20190129;-2.3;6.7;0.2
20190130;1.8;5.9;0
20190131;2.4;9.2;6.2
20190201;5.5;6.8;9.7
20190202;0.8;5.3;12.9
20190203;2.1;3.9;0.8
20190204;-0.8;5.9;0
20190205;-2.8;7.8;0
20190206;-4.4;9.5;0
20190207;-0.7;7.8;2.6
20190208;-0.6;10;0
20190209;2.3;13.3;0
20190210;8.6;12.1;2.2
20190211;2.3;8.5;1.2
20190212;2.1;8.4;0
20190213;0.5;10.1;0
20190214;-1.9;16.8;0
20190215;-1.5;17.4;0
20190216;-0.9;19.7;0
20190217;1.3;18.4;0
20190218;5.4;15.2;0
20190219;1;15.1;0
20190220;-0.1;16;0
20190221;0.2;16.6;0
20190222;1.6;17.6;0
20190223;2.3;13.8;0
20190224;0.4;16;0
20190225;1;16.3;0
20190226;0.5;17.8;0
20190227;0.5;18.5;0
20190228;1.6;19.7;0
20190301;7.8;12.4;0
20190302;5.2;11.5;2.8
20190303;0.6;18.2;0
20190304;9.2;16.2;0
20190305;5;16.9;0
20190306;7.3;16.4;10.7
20190307;8.2;16;0.2
20190308;7.8;13.9;0
20190309;9;14.4;0.8
20190310;10.8;18.8;0.2
20190311;5.7;11.1;0.2
20190312;-1.7;15.2;2.8
20190313;4.9;11.4;1.4
20190314;6;9.7;7.1
20190315;7.4;14.2;0.2
20190316;4.7;20.5;0
20190317;7.4;19;1.6
20190318;4.3;10.6;0
20190319;2.4;12.5;0
20190320;2.5;14.7;0
20190321;0.1;15.6;0
20190322;0.5;20.1;0
20190323;2.4;20.9;0
20190324;3.7;19.7;0
20190325;8.5;14;0
20190326;4.3;13.2;0
20190327;3.6;14.7;0
20190328;4.3;15.8;0
20190329;2.6;19.9;0
20190330;4.3;20.1;0
20190331;3.4;21.1;0
20190401;4.9;21.8;0
20190402;5.4;20;0.2
20190403;4.1;11.1;18.3
20190404;4;10;1.6
20190405;-0.8;15.5;0
20190406;6.9;14.6;0
20190407;7.5;13.8;2.8
20190408;7;16.3;0
20190409;3.3;17.9;0
20190410;7.9;17.8;0
20190411;9.9;15.9;0
20190412;5.2;15.3;0
20190413;4.1;13;0
20190414;1.9;11.1;0
20190415;0.3;18.5;0.6
20190416;10.4;14.8;1
20190417;5.6;22.1;0
20190418;10.6;23.4;0
20190419;8.4;25.3;0
20190420;9.5;24.9;0
20190421;11.3;22.4;0
20190422;12.1;25.4;0
20190423;13.4;22.1;2
20190424;12.8;18.6;1.8
20190425;9.1;19.8;45.7
20190426;4.7;17.6;1.6
20190427;9.7;15.7;0.6
20190428;7.8;12.2;3.2
20190429;6.4;15.4;0
20190430;5.7;19.3;0
20190501;7.7;20.6;0
20190502;8.2;18.3;2.6
20190503;9.3;18;0
20190504;4.5;14.7;4.9
20190505;3.8;11.4;0.2
20190506;3.9;15;0
20190507;2.3;21.2;1.4
20190508;10.3;15.4;15.5
20190509;8.5;18.2;5
20190510;10.5;21.3;0.2
20190511;13.2;18.4;6.1
20190512;9.1;16.9;0
20190513;7.9;18.9;0
20190514;7.9;19.8;0
20190515;7.7;17.9;0
20190516;6.4;19;0
20190517;11.1;16.1;2.2
20190518;10;20.8;7.3
20190519;11.6;18.7;0.4
20190520;13.4;18.6;0.2
20190521;13;21;0
20190522;11.9;22.6;0
20190523;8.8;24.4;0
20190524;12.1;25.2;0
20190525;16.1;25;0
20190526;13.9;23.9;0
20190527;15;20.7;2.8
20190528;13.1;18.7;0.4
20190529;11.6;20;0
20190530;8.2;23.3;0
20190531;12.5;26.5;0
20190601;13.1;30.1;0
20190602;16.6;31.9;0
20190603;16.8;28;0
20190604;15.9;29.9;0
20190605;16.6;30.4;3
20190606;10.8;21.4;0
20190607;14.6;26.4;0.4
20190608;9.2;23.9;0
20190609;13.5;15.9;14.9
20190610;13.1;17.2;11.3
20190611;12.2;15;16.1
20190612;10.7;23;0
20190613;9.1;27.1;0
20190614;15.1;22.2;15.7
20190615;15;23.2;26.7
20190616;11.4;24.1;0
20190617;13.1;27.9;0
20190618;15.5;31.1;0
20190619;19.6;30.4;0
20190620;18.3;25.6;1.2
20190621;17.3;24.3;5.7
20190622;15.2;25.4;0
20190623;14.8;30;0
20190624;16.5;32.4;0
20190625;20.5;35.3;0
20190626;20;36.9;0
20190627;20.5;38.4;0
20190628;24.7;35.6;0
20190629;21.2;38.1;0
20190630;24.7;37;0
20190701;22.1;35.4;3.8
20190702;20.6;30;0
20190703;20.5;30.9;0
20190704;20.5;32;0
20190705;19.3;35.3;0
20190706;21.2;33.8;1.4
20190707;18.8;31.9;0
20190708;19.1;31.7;0
20190709;16.9;27.6;0
20190710;16.1;28.2;0
20190711;14.9;27.3;0
20190712;15.8;31.1;0
20190713;19.3;27.9;0
20190714;16.3;27.8;0
20190715;15.5;27.1;0
20190716;16.5;30.5;0
20190717;16.4;31.3;0
20190718;17.2;30.5;0
20190719;16.9;32.3;0
20190720;21.2;32.2;0.4
20190721;20.6;32.8;0
20190722;22.3;34.8;0
20190723;21;39;0
20190724;24.7;40.4;0
20190725;24.4;39.1;0
20190726;24.8;37.3;0.8
20190727;19.3;27.3;28
20190728;16.3;24.9;0.4
20190729;13.4;28.6;0
20190730;16.5;26.9;0
20190731;17.8;25.6;0
20190801;14.3;28;0
20190802;18.3;30.4;0
20190803;17.1;29.9;0
20190804;15.4;32.9;0
20190805;18.4;34.7;9.1
20190806;21.4;33.5;24.4
20190807;17.7;28.4;4.2
20190808;18.1;31.1;0
20190809;21.2;34.4;21.4
20190810;17.7;27.9;0
20190811;16.1;27.3;10.9
20190812;14.9;24.7;0.4
20190813;14.4;23.1;0
20190814;12.6;25.6;0
20190815;16;26;0
20190816;12.8;26.6;0
20190817;14.6;33.1;0
20190818;20.6;31.2;8.6
20190819;16.8;19;5.6
20190820;15.9;17.7;12.5
20190821;12.5;23;0
20190822;13.9;25.3;0
20190823;13.8;27.4;0
20190824;14.1;32.5;0.2
20190825;15.5;31.9;0
20190826;14.7;32.4;0
20190827;18.5;30;0
20190828;19.3;32;0
20190829;18.6;29.5;0
20190830;18.3;30.7;0
20190831;17.5;33.9;0
20190901;20.2;24.7;0
20190902;17.7;24.6;0
20190903;13.5;26.3;0
20190904;10.6;28.7;0
20190905;15;21.1;0
20190906;12.3;21;0
20190907;13.1;22.9;0
20190908;10.5;18.8;1.4
20190909;7;19.4;0
20190910;10.8;21.8;0
20190911;10.4;24.1;0
20190912;9.6;27.1;0
20190913;11.5;29;0
20190914;14.6;30.1;0
20190915;15.6;33.1;0
20190916;16;32.9;0
20190917;17.8;29.6;0
20190918;15.1;23.9;0
20190919;11.9;23.2;0
20190920;9.3;29;0
20190921;15.1;28.9;0
20190922;15.9;27.6;8.5
20190923;13.4;22.2;0
20190924;11.2;20.7;0.8
20190925;15.1;21;2.8
20190926;15.4;25.7;0
20190927;12.6;26.7;0
20190928;16.7;22.8;0
20190929;8.9;27.9;0
20190930;14.5;24.2;0
20191001;10.5;27.2;10.2
20191002;13.1;19;0.8
20191003;8.1;17.3;0
20191004;6;17.7;0
20191005;13;19.6;0
20191006;13;19.6;5.6
20191007;9.2;17.5;0
20191008;7.1;23.8;0
20191009;12.2;19.1;9.9
20191010;8.9;18.4;0
20191011;6.4;23.8;0
20191012;17.4;21.6;0
20191013;18.4;25.4;0
20191014;18.1;26;20.4
20191015;11.5;15.4;21.8
20191016;6.8;19.5;0
20191017;13.8;19.7;1
20191018;15;19.2;4
20191019;15;19.7;4.4
20191020;14.2;23.6;31.7
20191021;12.3;14.8;2.8
20191022;11.9;14.8;0.6
20191023;13.1;16.2;19.4
20191024;12.9;21.1;0
20191025;9.1;18.7;0
20191026;6.8;23.5;0
20191027;9.6;22.2;0
20191028;13.8;17.3;2.4
20191029;12.4;16.4;0
20191030;11.2;14.3;0
20191031;12.8;14.8;5.2
20191101;9.9;15;6.2
20191102;12.9;19.2;1.8
20191103;11.6;14.1;5.6
20191104;10;15.3;2
20191105;8.8;15.6;1
20191106;8.8;13.3;2.4
20191107;6.5;10.7;0.2
20191108;2.7;10.8;0
20191109;4.9;11.5;0.4
20191110;3;11.2;0
20191111;1.6;11.5;0.2
20191112;1.5;12.4;0
20191113;3.6;10.1;0
20191114;0.5;6.9;48
20191115;0.3;4.3;0
20191116;-0.2;8.4;0
20191117;-0.6;6.7;0
20191118;2.7;10;0
20191119;1.5;7.8;0
20191120;-0.2;10.8;0
20191121;2;11.4;2.4
20191122;6.1;15.4;0
20191123;9.4;12.3;10
20191124;9.1;10.6;0
20191125;5.8;11.9;0
20191126;4.8;14.9;3.6
20191127;9.5;14.8;0.6
20191128;9.8;15.4;3.2
20191129;8.2;12.2;3.6
20191130;3.8;8.1;16.7
20191201;6.1;9.6;4.7
20191202;3.9;6.3;0
20191203;0.9;4.8;0
20191204;-3.7;4.6;0
20191205;-2.8;3.2;0
20191206;-2.2;9.3;0
20191207;3.3;13.6;0
20191208;5.7;13.9;1.4
20191209;6.9;10.7;1
20191210;2;8.1;0
20191211;-0.3;5.2;9.1
20191212;1.6;8.3;7
20191213;4;11;7.7
20191214;4.8;11.3;6.6
20191215;8.9;16.4;0
20191216;10.3;16;0
20191217;12.6;18.5;0.2
20191218;12.1;18.3;0
20191219;8.8;17.7;0
20191220;10.4;14.7;11.7
20191221;6.8;13.6;6.3
20191222;8.3;13;2.6
20191223;6.2;10.9;1.4
20191224;4.2;10.9;1.4
20191225;0.8;11.2;0
20191226;2.3;7.5;0.4
20191227;5.8;10.8;3.2
20191228;6.8;8.9;0
20191229;2;5;0
20191230;1.1;8.1;0
20191231;-1.5;3.8;0
20200101;-0.8;0.9;0
20200102;-1;2.9;0
20200103;0.1;10.2;0
20200104;5.1;9;0
20200105;-0.2;8;0
20200106;-3.7;9.9;0
20200107;-0.4;9.8;0
20200108;3.9;10.3;0
20200109;1.4;14.4;0.4
20200110;8.2;13.3;0
20200111;5.9;8.1;0
20200112;-0.9;8.6;0
20200113;-0.6;9.4;0
20200114;7.3;13.1;0
20200115;10.9;13.3;0
20200116;4.1;13.9;0
20200117;7.5;11.5;6.3
20200118;1;9.2;0
20200119;1.5;6.1;0
20200120;-0.4;7.4;0
20200121;-1.3;6.1;0
20200122;-2.9;4.8;0
20200123;-2.7;1.4;0
20200124;-1.4;7.7;0
20200125;0.9;12.4;0
20200126;5.3;12.6;1.6
20200127;2.5;10.7;0.2
20200128;6;12;2.2
20200129;5.1;11;1.2
20200130;0.6;8.8;4.8
20200131;8;16.4;0
20200201;5.1;15.2;1.4
20200202;9.1;12.4;4.8
20200203;8.4;20.5;0.2
20200204;6.1;9.2;1.8
20200205;5;10;0
20200206;-0.9;7.2;0
20200207;-2.2;14.1;0
20200208;0.1;13.9;0
20200209;5.2;13.4;0
20200210;11.6;18.1;1.8
20200211;9.1;13;0.8
20200212;2.9;12.1;0
20200213;-1;11.5;1.4
20200214;6.9;11.7;0
20200215;-0.5;17.9;0
20200216;9.8;14.8;0
20200217;8.2;13.8;6.3
20200218;1.8;11.7;0
20200219;4;9.5;1.8
20200220;1.2;15.7;0.2
20200221;6.6;11.6;0
20200222;-0.7;16.2;0
20200223;0.9;21.6;0
20200224;4;20.4;0
20200225;3.5;13.3;2.2
20200226;5;8.7;0
20200227;0;11.4;1.2
20200228;-0.7;13.8;0
20200229;9.5;13.6;1.4
20200301;7.5;14.6;1
20200302;6.4;10.1;8.9
20200303;3.1;10.8;0
20200304;3.7;11.6;3.4
20200305;7.1;12.9;6.8
20200306;4.6;11;0
20200307;4.1;9.4;0
20200308;-0.3;14.8;0.2
20200309;6.3;11.8;2
20200310;2.4;10.1;2.2
20200311;8.5;20.8;0
20200312;6.8;17.7;3
20200313;7.9;13.1;0
20200314;0.9;14.3;0
20200315;2;17.5;0
20200316;8.1;18.7;0
20200317;7.4;19.6;0
20200318;5.5;20.9;0
20200319;5.9;22.4;0
20200320;6.3;21.7;0
20200321;5.8;19.5;0
20200322;6.2;14.7;0
20200323;7.6;14.1;0
20200324;2.3;12.5;0
20200325;0.4;12.3;0
20200326;3.3;12.6;0
20200327;2.8;13.2;0
20200328;3.5;17.7;0
20200329;4.4;10.8;0.6
20200330;3.3;8.8;0
20200331;1;13.7;0
20200401;-1.3;17;0
20200402;1.6;16.8;0
20200403;4.6;15;0
20200404;1.8;19.8;0
20200405;8.1;22;0
20200406;5.8;22.4;0
20200407;5.5;23.4;0
20200408;5.8;24;0
20200409;5;25.1;0
20200410;6.6;25.8;0
20200411;6.7;26;0
20200412;9.3;21.7;0
20200413;7.1;21.1;0
20200414;7.1;17.8;0
20200415;2.7;24.1;0
20200416;11.2;23.8;0
20200417;11.8;23.1;0
20200418;12;24.8;0.2
20200419;11.9;17.6;3
20200420;12.6;22.1;0
20200421;14.4;20.4;0
20200422;9.7;25;0
20200423;12;25.2;0
20200424;10.1;26.3;0
20200425;12.4;25.4;3.8
20200426;13.9;21.4;0
20200427;9.4;23.2;1.4
20200428;12.2;18.2;20.1
20200429;9.3;19.8;1.4
20200430;12.8;17.2;12.7
20200501;9.7;15.1;10.6
20200502;11.7;17.8;15.8
20200503;11.5;21.7;0
20200504;10.1;26.5;0
20200505;18;26.6;0.4
20200506;11.3;21.5;0
20200507;10.3;25.5;0
20200508;15.4;26.4;0
20200509;13.7;26.1;0
20200510;14.5;23.6;7.1
20200511;10;21.7;1.2
20200512;6.6;12.5;1.2
20200513;9.4;13;21.8
20200514;10.5;14;0
20200515;11.5;16.1;0
20200516;10.2;21;0
20200517;11.3;22.5;0
20200518;13.2;24.8;0
20200519;14.9;26.4;0
20200520;15.5;27.5;0
20200521;14.5;28.7;0
20200522;14.5;31.2;0
20200523;13.2;23;6.1
20200524;7.2;21.7;0
20200525;11.4;24.3;0
20200526;12.4;25.1;0
20200527;11.3;25.2;0
20200528;11.4;26.7;0
20200529;13.5;25.8;0
20200530;10.6;25.5;0
20200531;12.2;26.4;0
20200601;13.7;27.9;0
20200602;16.6;29.2;0
20200603;15.6;26;14.6
20200604;15;22.5;21.7
20200605;13.4;18.1;0
20200606;14.6;24.7;10.5
20200607;12;20.2;0
20200608;11.9;20.9;5.6
20200609;12.7;14.4;7.9
20200610;13.3;20.3;0
20200611;11;24.3;0.4
20200612;15.3;20.7;16.4
20200613;13.3;21.7;9.2
20200614;13.5;23.6;0
20200615;13.6;24.7;0
20200616;12.9;24.4;3
20200617;14;22;6.3
20200618;11.9;23.8;10.6
20200619;14.1;23.9;0
20200620;12.6;25.6;0
20200621;13.4;26.6;0
20200622;18.5;26.5;0
20200623;16;29.9;0
20200624;17.9;33.5;0
20200625;20.2;32.9;0
20200626;19.3;30.6;5.1
20200627;19.7;31.7;1
20200628;20.4;30;4.3
20200629;18.3;27.6;0
20200630;14.2;29.6;0
20200701;18;33;4.9
20200702;19.9;27.1;0
20200703;16.5;25.1;0
20200704;13.7;27.3;0
20200705;16.8;30.7;0
20200706;18.9;26;0
20200707;14.3;26.4;0
20200708;13.4;30;0
20200709;15.5;35.7;0
20200710;21.9;32.8;3.2
20200711;18.3;26.6;0
20200712;14.8;29.4;0
20200713;15;30.1;0
20200714;15.1;29.7;0
20200715;18;23.7;1.2
20200716;17.2;25;0
20200717;17.4;23.7;0
20200718;16.1;29.3;0
20200719;15;31.2;0
20200720;15;35.7;0
20200721;21.3;35.3;0.4
20200722;19.1;31.7;1.4
20200723;16.9;31.7;0
20200724;20.2;31.5;0
20200725;17.4;32;0
20200726;21.5;32;0
20200727;18;37;0
20200728;22.7;33.8;0
20200729;21;32.1;0
20200730;19.7;37.6;0
20200731;21.9;39.9;0
20200801;21;36.7;3.6
20200802;20.9;27;0.2
20200803;18.1;23.9;3.2
20200804;13.6;25.5;0
20200805;13.9;29.9;0
20200806;14.7;32.9;0
20200807;16.7;36.7;0
20200808;18.3;37.9;0
20200809;19.3;38;0
20200810;20.5;37.5;0.2
20200811;20.6;37.4;0
20200812;22.9;34.3;0
20200813;21;31.4;7.5
20200814;19.4;29.4;0
20200815;18.9;32.2;0
20200816;19.5;27.6;1.8
20200817;18.1;29.3;0
20200818;18.7;30.9;0
20200819;17.5;33.4;0
20200820;22.9;34.1;0
20200821;24.6;36.3;1.8
20200822;20;29.1;0
20200823;18.4;26.9;0
20200824;13.3;27.3;0
20200825;13.8;33.7;0
20200826;19;29.7;0
20200827;15.2;32.3;0
20200828;15.9;21.8;23.9
20200829;15;22.6;0
20200830;15.1;22.4;0
20200831;12.5;23.4;0
20200901;13.5;23.5;0
20200902;13;25;0
20200903;11.5;27.2;0
20200904;12.3;31.8;0
20200905;16.7;32.3;0
20200906;15.9;23.6;0
20200907;12.6;25.1;0
20200908;11.9;27.2;0
20200909;13;28.4;0
20200910;15.7;30.1;0
20200911;17.4;29.7;0
20200912;14.5;30.8;0
20200913;16.9;31.5;0
20200914;16.6;34.5;0
20200915;19.1;33.7;0
20200916;17.2;33.5;0
20200917;17.2;32.3;0
20200918;16.3;32.7;0.8
20200919;19.5;31.2;2
20200920;17.1;26;3
20200921;17.4;24.9;26.5
20200922;16.2;24.9;1.8
20200923;14.3;26.3;0
20200924;17.3;21.6;7
20200925;10.9;16.6;3.4
20200926;8.2;13.3;7.6
20200927;5.7;10.3;10.7
20200928;8.6;12.8;4.2
20200929;10.3;18.4;0.4
20200930;7.8;21.5;0.2
20201001;10.1;17.1;1.4
20201002;10.6;18.3;48.6
20201003;8.5;16.2;0
20201004;10.9;15.8;0.8
20201005;9.7;15.1;2
20201006;11.5;16.3;0.4
20201007;12.2;18.2;0
20201008;8.1;22.3;0
20201009;10.1;20.6;0.2
20201010;11.1;16.1;0.6
20201011;6.4;13.5;0.6
20201012;8.4;14.7;0
20201013;3.4;12.9;0
20201014;8.5;13.8;1.2
20201015;7.2;10.6;0
20201016;9.5;13.7;0
20201017;10;12.9;0
20201018;6.1;14.3;0
20201019;2.1;17.7;0
20201020;14.4;19.1;0
20201021;17.1;21.4;0
20201022;15.8;19.2;14.5
20201023;13.8;16.6;12.1
20201024;10.8;18.5;0
20201025;8;18.6;41.8
20201026;7.4;13.7;1.6
20201027;7.1;15.3;2.2
20201028;10.1;18.6;0
20201029;12.4;16.3;0
20201030;7;19.1;0
20201031;5.2;19.9;0
20201101;7.2;21.2;0
20201102;11.3;19.8;0
20201103;9.9;13.4;2.2
20201104;7.7;12.1;0
20201105;8.6;13.1;0
20201106;4;18.1;0
20201107;11.5;17.7;0
20201108;12.1;15.9;6.1
20201109;6.9;19.5;0
20201110;6.8;15.4;0
20201111;8.7;13.1;0
20201112;5.4;18;0
20201113;6.1;16.8;0
20201114;7.5;18.8;0
20201115;13.2;17.7;8.7
20201116;7.4;14.5;0
20201117;4;14.4;0
20201118;2.9;19;0
20201119;6.3;13.2;0.8
20201120;6.7;10.2;0
20201121;0.8;6.9;0
20201122;-2.2;4.6;0
20201123;-2.2;8.3;0
20201124;-0.9;8.4;0
20201125;2.1;15.6;0
20201126;1.9;15;0
20201127;5.3;16.5;0
20201128;0.5;10;0
20201129;-1.6;3.6;0
20201130;2.3;3;0.4
20201201;-1.1;6.4;2.6
20201202;2.8;5.1;0.8
20201203;3.2;8.8;2.6
20201204;2.9;7.1;7.4
20201205;-0.5;4.9;0
20201206;0;5.6;5
20201207;1.4;7.8;0.4
20201208;4.4;9.1;0.2
20201209;1.7;5.3;0
20201210;-2.8;4.4;0
20201211;0.7;8.8;6.2
20201212;6.9;10;1.2
20201213;2;11;0
20201214;1.5;13.8;0.8
20201215;10.4;13.6;19.8
20201216;5.6;14.9;0
20201217;5.7;10.8;2.2
20201218;7.9;14;0
20201219;6.1;14.6;8.3
20201220;8;11;12.7
20201221;3.9;10.9;4.2
20201222;5.6;15.8;0
20201223;5.8;14.7;3.4
20201224;7.9;10.8;4.4
20201225;2.9;4.8;0.8
20201226;1.8;4.6;0
20201227;-2.4;8.3;0.2
20201228;4.9;10.2;0.2
20201229;4.9;10.2;0
20201230;1.3;6.1;6.3
20201231;-0.4;6.1;8.2
20210101;2.2;4;0
20210102;1;2.8;0
20210103;0.9;2.2;0
20210104;-1.6;1.6;0
20210105;-0.3;2.7;0
20210106;0.8;1.9;0
20210107;-1.2;3;0
20210108;-0.4;4;0
20210109;-2.8;0.4;0
20210110;-3.4;1.2;0
20210111;-3.5;0.2;0
20210112;-5.5;3.7;5
20210113;2.1;8.1;5.8
20210114;5.6;9.1;3.8
20210115;1.6;6.4;2.6
20210116;-0.5;1.6;11.9
20210117;-0.8;5.4;0.4
20210118;0.3;4.8;0
20210119;-2.5;9.9;0
20210120;6.1;13.5;0
20210121;9.8;13.1;0.6
20210122;4.8;13.3;14.5
20210123;2.1;7.9;0.4
20210124;0.8;6.9;0.2
20210125;-0.1;6.5;0
20210126;-2.8;5.9;0
20210127;-0.2;6.5;5.2
20210128;4.5;10.7;8.6
20210129;8.4;15.3;0
20210130;4.3;8.6;6.5
20210131;4;12.7;1.6
20210201;8.7;12.1;8.8
20210202;8.8;13.9;3.8
20210203;11.2;15.9;4
20210204;2.7;11.6;0
20210205;3.2;15.7;0
20210206;8.2;15.2;5
20210207;6.6;10.1;0.8
20210208;3.3;9.9;0.4
20210209;2.1;7.1;4.4
20210210;4.1;12.1;0
20210211;-1;3.4;0
20210212;-2;0.8;5.4
20210213;-4;-0.8;0
20210214;-6.3;7.8;0
20210215;3.7;9.2;0
20210216;6.2;12;0
20210217;2.4;15.3;0
20210218;1.8;13.3;0
20210219;9.9;15.9;0
20210220;10.8;16.6;0
20210221;8.1;19;0
20210222;8.3;19.5;0
20210223;8.8;20.1;0
20210224;6.4;21.6;0
20210225;5.2;21.9;0
20210226;2.9;17.5;0
20210227;6.5;10.8;0
20210228;0;13.9;0
20210301;0.6;18.1;0
20210302;1.5;16.9;0
20210303;5.4;13.2;0
20210304;2.7;17;0
20210305;7.9;11.7;0
20210306;3.9;11.1;0
20210307;2.6;13.2;3.6
20210308;4.4;13.2;0
20210309;2;11.3;0
20210310;0.3;13.9;0
20210311;8.6;14.7;4
20210312;3.1;13.7;0
20210313;4.3;14.8;3.8
20210314;3.4;10.8;0.8
20210315;5;10.7;2.6
20210316;4.1;10.5;8.8
20210317;4.2;8.7;0.2
20210318;2.5;8.5;0
20210319;1.8;10.1;0
20210320;0.3;8.5;0
20210321;0.9;11;0
20210322;3.5;10.5;0
20210323;1.6;12.9;0
20210324;0;18.5;0
20210325;1.7;18.5;0
20210326;2.3;18.4;6.4
20210327;7.2;13.8;0
20210328;0.4;17.8;0
20210329;2.4;22.5;0
20210330;5.7;24.9;0
20210331;7.8;26;0
20210401;6.9;25;0
20210402;6.6;22.9;0
20210403;4.9;14.5;0
20210404;3.4;16.5;0
20210405;2.1;18.8;0
20210406;0.9;8.2;0
20210407;-0.2;8.5;0
20210408;-3.2;16.6;0
20210409;8.1;15.7;0
20210410;9.4;15.8;0
20210411;8.9;16.6;22.6
20210412;4.3;11.2;0
20210413;1.8;12.8;0
20210414;0.6;13;0
20210415;0.9;12.3;0
20210416;2;11.1;0
20210417;2.5;14.1;0
20210418;5.8;12.7;0
20210419;3.1;17.4;0
20210420;3.1;19.2;0.2
20210421;9.1;16.5;0.2
20210422;6.5;21.2;0
20210423;6.8;21.9;0
20210424;5.9;25.1;0
20210425;7.8;23.5;0.2
20210426;12.3;17.1;0.2
20210427;11.6;22.1;0
20210428;13.2;18.4;3.6
20210429;10.4;16.4;4.4
20210430;8.1;11.6;19.4
20210501;8.2;10.2;7.5
20210502;7;16.1;0.8
20210503;2.4;18.1;0
20210504;6;20.8;2.4
20210505;9.1;17.1;0
20210506;6.6;16;10.7
20210507;10.8;17.2;1.6
20210508;6.7;25.4;0
20210509;15.1;26.4;0
20210510;12.6;16.8;105.9
20210511;9.9;16.2;2.8
20210512;6.7;19;0.4
20210513;9.9;17.3;4.8
20210514;9.6;18.1;2.4
20210515;10.5;13.2;7.9
20210516;11.8;21.2;9.2
20210517;9.9;19.1;0.6
20210518;8;16.6;0.8
20210519;8.8;17.9;6
20210520;8;20.2;0.2
20210521;12.3;18.1;12.5
20210522;9.1;21.4;1
20210523;7.6;18.9;0
20210524;9.8;20.1;1
20210525;7.2;18.3;0.2
20210526;7.9;22.6;0
20210527;14.1;22.2;0
20210528;9.9;25.1;0
20210529;14.9;24.8;0
20210530;12.4;24.6;0
20210531;10.5;27.6;0
20210601;14.5;26.5;2.2
20210602;15.2;21.9;3
20210603;15.6;28.2;0
20210604;18;29;4.8
20210605;15;22.5;0
20210606;16;21.8;0
20210607;16.3;23.1;0
20210608;16.6;26.4;0
20210609;17;27.4;0.2
20210610;16;28.9;0
20210611;16.5;30.1;0
20210612;18.3;29.8;0
20210613;19.6;29.3;0
20210614;16;31.6;0
20210615;18.9;31.6;0
20210616;17.3;34;0
20210617;23.1;30.1;0
20210618;20.3;32.3;0.4
20210619;20.9;31.3;0
20210620;16.9;29.5;14.2
20210621;16.5;29;5.8
20210622;16;25.7;0.8
20210623;15.5;25.8;2.8
20210624;15.4;21.6;0
20210625;13.3;22.5;0
20210626;12;28.3;0
20210627;17.6;30.4;0
20210628;18.1;22.9;2
20210629;17.6;24.6;0.8
20210630;12;23.5;0.8
20210701;14.5;26.3;0
20210702;13.5;28.5;0
20210703;19.8;23.6;2.8
20210704;16.8;25.8;7.4
20210705;18;29.8;2
20210706;14.7;20.1;36
20210707;14.5;25.9;3.8
20210708;15.9;24;5.9
20210709;12.3;26.2;0
20210710;13.9;28.4;8.9
20210711;15;27.1;0
20210712;17.5;28;48.8
20210713;13.3;21.3;12
20210714;12.9;17.5;5
20210715;15.9;18.9;8
20210716;16.3;24.7;0.8
20210717;17.6;25.8;0
20210718;18.5;29.2;0
20210719;17.6;30.9;0
20210720;18.2;30.3;0
20210721;15.1;29.7;0
20210722;15.4;30.4;0
20210723;17.2;33.2;5
20210724;20.5;29.6;1.4
20210725;19.4;28.3;0
20210726;18.3;27.8;0
20210727;16.4;28.8;9.9
20210728;17.6;27.8;0
20210729;17.2;28.6;0
20210730;17.8;27.3;15.4
20210731;15.7;24.8;4
20210801;14.2;23.2;0
20210802;12.6;25;0
20210803;14.5;23.6;8.9
20210804;16.4;21;14.4
20210805;16.5;25.5;0
20210806;17.9;26.5;0
20210807;15.6;20.2;16.4
20210808;12.3;25.8;0
20210809;13.7;26.4;0
20210810;14.3;30.5;0
20210811;17.1;31.4;0
20210812;18.6;34.1;6.1
20210813;18.4;31.7;0
20210814;20.4;35.1;0
20210815;21.2;35.4;5.7
20210816;19.2;23.9;0
20210817;16.1;23.1;0
20210818;15.1;21.9;0
20210819;15.7;24.4;0
20210820;12.6;27.2;0
20210821;15.4;31.7;0.2
20210822;21;27;0
20210823;16.8;24.9;0
20210824;16.5;23.3;0
20210825;14;25;0
20210826;14.3;25.4;0
20210827;13.6;22.6;0
20210828;12.5;22.7;0
20210829;13.6;22.7;0
20210830;13.2;21.8;0
20210831;13.9;24.4;0
20210901;12.5;25.1;0
20210902;12.6;28.3;0.8
20210903;17.8;26.9;0.8
20210904;17.7;28.3;0
20210905;14.7;29.7;0
20210906;15;30.2;0
20210907;15.4;30.7;0
20210908;19.3;30.5;0
20210909;19.2;24.2;1
20210910;17.7;24.9;4
20210911;15.8;26.1;0.2
20210912;13;27.3;0
20210913;13.3;30.2;0
20210914;21.4;27.3;1.2
20210915;19.1;28.5;3.8
20210916;16.7;24.9;4
20210917;15.4;24.8;0
20210918;13.1;25.6;8.9
20210919;13.9;18.8;13.1
20210920;13.6;16.8;18.7
20210921;14.4;20.9;0
20210922;10.7;20.4;0
20210923;10.3;25.5;0
20210924;12.3;26.1;0
20210925;14.3;27.2;5
20210926;16.2;25.4;0
20210927;13.3;25.9;0.2
20210928;11.7;20.3;0
20210929;14.2;22.8;0
20210930;9.6;19.4;0
20211001;6.7;24.8;0
20211002;12.3;24.6;0
20211003;13.6;22.2;79.4
20211004;10.7;12.8;13.4
20211005;8;16.7;4.3
20211006;9;16.9;0
20211007;6.6;17.4;0
20211008;9.5;16.3;0
20211009;9.3;15.3;0
20211010;6.8;17;0
20211011;4.9;17.5;0
20211012;9.6;16.6;0
20211013;9.3;14.8;0
20211014;3.4;15.5;0
20211015;3.1;19.1;0
20211016;4.1;16.1;0
20211017;3.3;19.2;0
20211018;5;20.5;0
20211019;8;21.5;0
20211020;16.4;20.1;3.6
20211021;13.4;20.2;0
20211022;9.1;15.1;0
20211023;2.9;14.5;0
20211024;2.1;21;0
20211025;4.4;20.3;0.4
20211026;9.4;17.7;0
20211027;7.2;15.4;0
20211028;5.2;19.7;0
20211029;8.7;19.7;0
20211030;12.6;18.5;4.8
20211031;13;21.3;41
20211101;9.7;14.9;4.4
20211102;8.5;14.5;14.1
20211103;8.4;13.7;0
20211104;5.7;11.7;1.2
20211105;4.5;10.7;0
20211106;6;10;0
20211107;4.3;11;0
20211108;7.6;11.6;0
20211109;3.4;8.1;0
20211110;2.9;7.1;0
20211111;3;9.2;0
20211112;4;8.6;0
20211113;2.5;9.4;2.4
20211114;7.9;12.5;0.2
20211115;8.2;10.1;0
20211116;7.4;8.7;0
20211117;5.9;7.7;0
20211118;5.4;12.1;0
20211119;5.5;9.5;0
20211120;4.5;7.1;0
20211121;4.5;6.5;0
20211122;4.4;7.2;0
20211123;5.9;9.8;0
20211124;0.8;8.9;0
20211125;1.9;5.4;1.4
20211126;1.5;5;0.2
20211127;2.7;8.7;1.4
20211128;1.3;4.9;11.5
20211129;1.8;4.1;0
20211130;-2.1;6.6;0
20211201;0.8;7.6;2.6
20211202;2.6;6.9;1
20211203;-0.7;6.7;5.4
20211204;2.4;10.6;3.2
20211205;2.2;8.2;5.6
20211206;2.8;6.1;1.2
20211207;1.5;9.9;12.5
20211208;4.2;6.3;8.2
20211209;2.3;8.3;6.1
20211210;-0.5;8.5;1.8
20211211;2.1;6.6;0
20211212;-2.9;6.1;0
20211213;1.8;6.2;0
20211214;1.2;2.3;0
20211215;0.7;2.8;0
20211216;1.9;4;0
20211217;1.4;7.5;0
20211218;0.7;4;0
20211219;0.1;1.7;0
20211220;-0.6;1.6;0
20211221;-0.4;3.6;0
20211222;-3.5;7.7;0
20211223;-1.9;12.1;0
20211224;1.7;13.3;0
20211225;5.3;12.4;1.8
20211226;5.3;10.3;0.6
20211227;2.3;11.2;15.9
20211228;9;12.3;19
20211229;8.9;13.4;6.7
20211230;10.2;15.9;0.2
20211231;6.5;14.4;0
20220101;2.4;10;0
20220102;0.1;9.3;0
20220103;3.6;14.2;0
20220104;9.4;13.5;10.3
20220105;2.3;5.8;0.6
20220106;1.9;5.8;0
20220107;-2.3;3.8;4.6
20220108;2;7.6;2.8
20220109;1;5.9;5.2
20220110;2.1;6.7;0
20220111;0.7;3.7;0
20220112;-1.4;1.4;0
20220113;-2.7;1.3;0
20220114;-5.8;4.1;0
20220115;-4.7;-1.7;0
20220116;-4.7;-0.2;0
20220117;-2.2;3.7;0
20220118;1.9;4.5;0
20220119;-5.3;2.7;0
20220120;0.9;6;0.6
20220121;0.5;5.2;0
20220122;-0.8;6.5;0
20220123;1.4;2;0
20220124;-2.4;8.3;0
20220125;-4.8;9.3;0
20220126;-3.9;0.1;0
20220127;-3.1;0.5;0
20220128;-2.2;4.4;0
20220129;-0.2;3.9;0
20220130;1.9;9.2;0
20220131;3.3;8.7;0
20220201;2;6.6;1.6
20220202;3.1;11.8;0
20220203;3.6;11.9;0
20220204;0.9;10.8;0
20220205;3.6;9.6;0
20220206;-1.8;9.7;1.6
20220207;4.3;9.5;0
20220208;-2.7;11;0
20220209;-3.4;15.1;0
20220210;0.9;16.4;1.8
20220211;4.8;8.8;0.8
20220212;-3.9;10.3;0
20220213;0.8;12.8;0
20220214;6.7;10.4;11.1
20220215;4.3;9.8;1.2
20220216;4.6;9.4;5.2
20220217;7.6;17.4;0
20220218;4.9;19.8;0
20220219;3.8;11.1;0
20220220;1.3;13.2;2.4
20220221;7.1;10;5.5
20220222;6.5;12.4;0.2
20220223;6.7;15.5;0
20220224;1.9;15;0
20220225;3.2;10.1;0
20220226;0.1;11.1;0
20220227;-3;12.7;0
20220228;-1.6;13.7;0.2
20220301;-1.2;14.5;0
20220302;4.4;12.3;0
20220303;2.1;15.2;0
20220304;1.4;14.7;0
20220305;-1.6;11.7;0
20220306;-2.6;9.1;0
20220307;-3.1;11.1;0
20220308;-2.9;13.4;0
20220309;-0.1;15.1;0
20220310;0.9;15.7;0
20220311;9.5;16.1;0
20220312;9;12.1;0
20220313;8.5;13.6;5.2
20220314;1.4;13;2.8
20220315;9.3;17.1;0
20220316;8.9;18.2;0
20220317;6.9;14;0
20220318;8.1;11.9;0
20220319;2.1;15.6;0
20220320;3.2;14.9;0
20220321;8.1;16.7;0
20220322;1.9;16.3;0
20220323;0.7;18.2;0
20220324;0.9;21.6;0
20220325;2.3;20.3;0
20220326;2.9;20.7;0
20220327;3.3;21.7;0
20220328;3;21.7;0
20220329;10.2;20.2;0.2
20220330;9.5;16.6;11.1
20220331;8;12.7;4.8
20220401;0.9;4.8;4
20220402;0.2;4;0
20220403;0.6;6.7;0
20220404;-1.2;11.3;0
20220405;0.3;14.6;0
20220406;7.1;16;0.2
20220407;9.2;13.9;2.2
20220408;11.7;19;0.4
20220409;3.6;11.6;1.2
20220410;-0.9;15;0
20220411;1.6;18;0
20220412;12.2;19.2;0
20220413;8.9;20.8;0
20220414;8.8;22.3;0
20220415;10.6;23.1;0
20220416;11.8;22.2;0
20220417;5;19.1;0
20220418;3.2;20.7;0
20220419;4.6;21.3;0
20220420;5.5;21.6;0
20220421;11.5;21.3;0
20220422;6;21.5;0
20220423;10.5;17.8;4
20220424;7.7;17.3;5.2
20220425;11.6;17.2;1.2
20220426;8.7;18.9;0
20220427;4.7;20.1;0
20220428;5.6;23;0
20220429;7;22.6;0
20220430;7.4;20.5;0
20220501;8;20;0
20220502;5.8;21.7;0
20220503;9;22;2
20220504;8.1;22.5;2.2
20220505;12.1;19.5;0
20220506;9.9;19.7;0
20220507;11.3;23.5;0
20220508;12.8;22.9;0
20220509;8.6;25.3;0
20220510;9.9;28;0
20220511;15.5;29.6;0
20220512;15.2;28.5;0
20220513;12.3;24.9;0
20220514;12.4;26.6;0
20220515;11;29.7;0.2
20220516;15.3;29.8;0
20220517;13.1;31.2;0
20220518;14.1;32.3;0
20220519;19;32.4;0
20220520;20.7;30.9;0
20220521;15.2;31.2;0
20220522;17;30.2;2.9
20220523;18;29.8;5.7
20220524;15.6;22.6;0
20220525;12;23.5;0
20220526;11.2;23.6;0
20220527;12.2;24.7;0
20220528;13.6;23.9;0
20220529;10.8;21.3;0
20220530;10.6;24;0.4
20220531;11.6;19.7;2.6
20220601;12.5;25.3;1.8
20220602;15.2;28.1;0
20220603;16.5;31.8;0
20220604;17.1;34.5;8.9
20220605;17.8;28;2.7
20220606;14;27.1;2.2
20220607;14.2;26.7;0
20220608;12.9;24.4;22.6
20220609;13.9;22.8;0.6
20220610;10.7;25.7;0
20220611;11.7;29.8;0
20220612;14.6;32.6;0
20220613;19.1;27.7;0
20220614;13.4;31.2;0
20220615;17.8;33.9;0
20220616;19;33.9;0
20220617;19;34.5;0
20220618;18.2;38.1;0
20220619;24.5;36;0
20220620;19.6;35.5;0
20220621;22.3;34.2;5.8
20220622;19.1;31;17.9
20220623;17.5;29.3;13
20220624;16.3;24.7;34.6
20220625;14.9;30;8.7
20220626;16.4;24.3;0
20220627;17.6;23.3;0
20220628;16;26.1;0.2
20220629;17.2;28.8;0
20220630;14.1;31.4;25
20220701;12.5;23.1;0
20220702;11.7;30.1;0
20220703;16.6;32;0.4
20220704;18;27.5;0
20220705;16.5;27.5;0
20220706;17.2;26.8;0
20220707;14.6;27.1;0
20220708;15.2;26.5;0
20220709;16.1;28.2;0
20220710;17.4;28;0
20220711;15;28.9;0
20220712;17.5;31;0
20220713;14.8;33.5;0
20220714;17.1;36.1;0
20220715;20.5;31.9;0
20220716;17.8;30.7;0
20220717;17.5;32.3;0
20220718;16.7;36.8;0
20220719;20.2;38.7;0
20220720;21.6;37.3;0
20220721;17.9;32.4;0
20220722;17.2;36.9;0.2
20220723;22.3;30.1;0
20220724;17.3;34.9;0
20220725;21.3;35.6;0
20220726;20.4;28.9;0
20220727;17.8;28.8;0
20220728;15.4;32.7;0
20220729;20.2;29.1;0
20220730;16.3;31.9;0
20220731;16.3;33.6;0
20220801;18.5;34.7;0
20220802;19.2;33.2;0
20220803;17.8;37.6;0
20220804;24.4;38.9;0
20220805;22.2;35.8;1
20220806;20.1;31.3;0
20220807;18.3;30.8;0
20220808;17.2;32.3;0
20220809;17;33.6;0
20220810;16.4;34.8;0
20220811;17.6;37;0
20220812;18.1;35.1;0
20220813;17.4;34.7;5.3
20220814;18.7;24.9;10.9
20220815;16.4;29;0.2
20220816;16;33.5;0.2
20220817;17;29;39.4
20220818;15.4;24.5;4.8
20220819;18.1;26.2;0.8
20220820;18.5;27.9;0
20220821;14.2;27.9;0
20220822;15.5;28.8;0
20220823;18.3;30.6;0
20220824;16.5;32.8;0
20220825;16.3;34.2;0
20220826;21.3;28.3;0
20220827;17.9;26.9;0
20220828;17.8;30.1;0
20220829;16.3;33.2;0
20220830;20.4;28.6;9.2
20220831;18.9;28.5;0
20220901;15.7;29.2;0
20220902;17.2;28.9;7.1
20220903;17;27.8;6.3
20220904;15.4;30;0
20220905;20.2;31;0
20220906;21.9;30.8;0.8
20220907;16.7;28.3;2.2
20220908;14.7;26.9;0.2
20220909;14;25.2;0.2
20220910;12.4;24.6;0
20220911;10.9;25.7;0
20220912;12;31;0
20220913;20.6;29.4;0
20220914;20.3;28.3;2.2
20220915;16;26.8;10.4
20220916;15.8;21.6;0.2
20220917;10.3;16.4;0
20220918;6.9;19.7;0
20220919;6.3;19.5;0
20220920;8;20.3;0
20220921;7.9;20.4;0
20220922;5.9;22.3;0
20220923;8.4;23.3;10
20220924;14.5;22.4;14.8
20220925;12.2;17.8;3.4
20220926;11.3;19;2.6
20220927;10.4;17.6;3.2
20220928;11.1;19.6;15.8
20220929;10.9;17.3;1.6
20220930;7.6;16.2;0
20221001;6.9;16.3;4.2
20221002;13.9;24.3;0
20221003;13.5;18.3;0
20221004;9.4;20.4;0
20221005;8.1;23.9;0
20221006;11.1;21.9;0
20221007;11.9;22.9;0.4
20221008;13.6;18.6;9.9
20221009;7.1;19.4;0
20221010;10.9;23.1;0
20221011;11;20.9;0
20221012;13.9;19.5;0
20221013;9.5;18.9;5
20221014;14;18.8;0.4
20221015;11.6;24.4;0
20221016;17;23.8;0
20221017;17.6;24.3;0
20221018;12.7;24.9;0
20221019;10.1;23.4;3
20221020;17.6;20.9;2.9
20221021;16.9;21;0.2
20221022;12.4;23.3;0
20221023;16.6;23.5;0
20221024;16.3;23.5;0
20221025;9;20.8;0.8
20221026;14.4;26.2;0.2
20221027;12.1;24.8;0
20221028;18;25.3;0
20221029;10.1;25.2;0
20221030;9.2;24.4;0
20221031;11.1;22.8;14.4
20221101;13.4;19.4;0.2
20221102;7.3;18;0
20221103;5.6;15.1;2.2
20221104;7.5;13;9.9
20221105;7.5;12.3;0
20221106;1.3;16.7;0
20221107;3.4;20.3;0
20221108;7.9;18.6;13.5
20221109;12.8;15.2;21.9
20221110;8;14.5;0
20221111;8.9;18.5;0
20221112;5.8;15.5;0
20221113;7.5;14.1;0
20221114;7.7;15.7;6.8
20221115;10.9;15.5;3.2
20221116;6.5;17.1;0
20221117;11.5;17.3;3.2
20221118;8.3;13;4.2
20221119;5.6;11.2;0.2
20221120;3.1;12.1;0.6
20221121;3.2;9.5;2.6
20221122;5.2;10;0.2
20221123;0.8;10.5;3.2
20221124;1.7;13.8;0
20221125;4.7;11;1.4
20221126;3.9;9.5;0
20221127;4.5;12.8;0
20221128;8.3;11.2;12.1
20221129;5.1;9.2;0.2
20221130;6.4;9.8;0
20221201;5.5;7.5;0
20221202;4;5.2;4.2
20221203;3;4.8;5.8
20221204;3.4;5.4;6.4
20221205;-1.7;9.6;0
20221206;-2.4;3;0
20221207;1.8;4.3;0.2
20221208;-0.4;3.2;12.9
20221209;1.2;2.7;1.8
20221210;0.8;1.9;0
20221211;-4.3;-1.7;0
20221212;-3.5;0.5;3.4
20221213;-2.1;3.7;1.2
20221214;0.5;10.7;0.2
20221215;3.8;7.9;21.6
20221216;0.7;1.8;0
20221217;-4.2;-0.6;0
20221218;-3.7;11.7;0
20221219;9.9;15.1;0
20221220;13.6;15.1;2
20221221;11.5;16.6;1
20221222;10.1;15.4;5.4
20221223;10.1;15.1;4
20221224;9.6;14.2;0.2
20221225;6.5;16.3;0
20221226;5.5;14.5;2.4
20221227;2.3;12.8;0
20221228;-1.1;12;0.2
20221229;9;14.4;7.1
20221230;4.5;13.4;1.6
20221231;11.5;17.8;0
20230101;14.5;17.2;0.4
20230102;10.4;15.2;12.7
20230103;5.9;12.3;0
20230104;-1.4;10.1;0
20230105;7.8;11.9;1.6
20230106;9.3;11.3;1.2
20230107;7.4;14.1;0.4
20230108;11.1;13.4;1
20230109;5;10.3;0.8
20230110;3.6;10;0
20230111;4.2;8.2;1.8
20230112;0.5;11.8;0.6
20230113;5.9;11.9;0.6
20230114;2.1;11;1.2
20230115;4.8;10.5;3.6
20230116;1.7;9.2;1.4
20230117;1.2;10.7;1.6
20230118;0.5;3.2;1.6
20230119;-3.9;2.8;1.2
20230120;-3.5;3.4;5.2
20230121;-1.2;3.3;0
20230122;-0.9;1.8;0
20230123;0.8;2.5;0
20230124;1;4.4;0
20230125;2.6;3.5;0
20230126;1.3;2.4;0
20230127;-0.2;1.6;0
20230128;-1.4;3.2;0
20230129;0.7;3.7;0
20230130;-1.7;5.2;0
20230131;3;9.5;0
20230201;1.2;10;0
20230202;2.3;10.9;0
20230203;3.2;10.9;0
20230204;3.5;11.1;0
20230205;4.5;9.2;0.8
20230206;2.5;6.6;0
20230207;-0.2;8.6;0
20230208;-5;8.7;0
20230209;-5;8.9;0
20230210;-5;7.1;0
20230211;-5.3;8.7;0
20230212;-4.7;10.5;0
20230213;-4.3;15.6;0
20230214;-3;17.1;0
20230215;-1.8;15.5;0
20230216;-2.3;16.8;0
20230217;-0.2;16.5;0
20230218;7.9;16.6;0
20230219;4.6;12.7;0
20230220;1;15;0
20230221;0.3;14.9;0
20230222;2.1;12.8;1.6
20230223;4.6;14.8;0
20230224;5.4;15.9;0.6
20230225;3.7;10.6;0
20230226;0;5.5;0
20230227;-1.3;7.6;0
20230228;-1.5;5.7;0
20230301;-2.7;4.8;0
20230302;1.2;9.4;0
20230303;-2.6;9;0
20230304;4.7;12;0
20230305;-1.1;9.4;0
20230306;-4;11.5;0
20230307;-1.8;9.1;3.2
20230308;-0.5;11.9;7.1
20230309;4;16.5;3.2
20230310;9.4;15.9;6.8
20230311;6.7;10.1;3.3
20230312;8;16.7;0.6
20230313;6.9;21.8;15.3
20230314;8.3;12.9;3.6
20230315;0.9;12.6;0
20230316;-0.4;17.5;0
20230317;10.6;17.2;0
20230318;8.8;18.3;0
20230319;9;16.9;3.2
20230320;5.5;14.5;0
20230321;2.2;18;0
20230322;3.6;21.8;0
20230323;13.5;17.5;0.2
20230324;11.3;16.9;4.8
20230325;4.8;16.4;0.4
20230326;9.8;15.1;10.7
20230327;5.9;8.2;0.2
20230328;-1.2;13.9;0
20230329;9.5;20.6;0
20230330;13.7;19.9;0
20230331;10.5;19.9;1.8
20230401;7.3;16;11.3
20230402;6.6;11.3;3.2
20230403;7.3;10.8;0
20230404;0.2;11.9;0
20230405;0.5;12.9;0
20230406;-0.7;15;0
20230407;4.4;14.9;0
20230408;2.8;16.5;0
20230409;1.5;18.2;0
20230410;2.9;21.2;1.8
20230411;9.8;15.2;0
20230412;8.1;14.6;1.4
20230413;1;13.7;3.6
20230414;5.7;12.6;3.2
20230415;8.3;11.7;0.8
20230416;3.8;11;0
20230417;6.9;14.6;0.6
20230418;4.6;17.3;0
20230419;3.9;20.8;0
20230420;7.6;14.6;3.2
20230421;3.6;18.6;0.2
20230422;13.7;18.2;4.2
20230423;7.7;18.6;4.2
20230424;9.6;17.4;0
20230425;8.8;16.6;0
20230426;2.7;19.3;0
20230427;7.3;23.2;0
20230428;14.5;23.6;13.5
20230429;14.2;19.8;0.8
20230430;10;18.5;0
20230501;12.6;18.8;0.4
20230502;9;20;0
20230503;5;22.7;0
20230504;11.1;25.1;0
20230505;10.6;26.4;0.4
20230506;9.9;26.4;0
20230507;14.2;17.5;4.4
20230508;11.8;21.3;0
20230509;12.5;20.5;10.3
20230510;10.4;17.7;0
20230511;9.9;17.5;0.2
20230512;10.8;18.6;5.3
20230513;12.3;17.5;7.6
20230514;9.4;20.6;3.4
20230515;11.4;20.4;0
20230516;11.4;13.6;0
20230517;8.7;17.5;0
20230518;8.9;16;0
20230519;8.3;19.7;1
20230520;11.2;19.4;0.2
20230521;11.9;22.5;0
20230522;13.9;25.8;0
20230523;15.9;21.6;0
20230524;13.7;22.1;0
20230525;9.5;22.4;0
20230526;9.9;26.2;0
20230527;12.4;28.5;0
20230528;11.8;29;0
20230529;11.2;27.6;0
20230530;11.7;26.9;0
20230531;11.1;28.3;0
20230601;10.6;28.2;0
20230602;13.2;28.6;7.1
20230603;13.7;28.1;25.4
20230604;15.6;27.6;0
20230605;12.7;27.1;0
20230606;11.9;28.8;0
20230607;13.8;29.7;0
20230608;15.5;29;0
20230609;16.5;23.2;6.7
20230610;16.6;27.1;0
20230611;16.8;28.7;1.2
20230612;15.8;29.2;0.4
20230613;17.1;27.1;0.4
20230614;17;28.4;0
20230615;11.8;29.4;0
20230616;14.7;29.8;0
20230617;12.6;31.1;0
20230618;15.5;30.3;0
20230619;20.5;32.2;0
20230620;18.7;32.1;0
20230621;19;28.6;0.6
20230622;16.6;27.1;10.3
20230623;14.3;27.6;0
20230624;15.2;30.6;0
20230625;15.2;34.3;0
20230626;18.1;30.7;0
20230627;17.3;26.8;0
20230628;15.9;28.4;0
20230629;15.7;31.8;43.3
20230630;16.2;24.1;0.8
20230701;12.2;24.5;4
20230702;17.1;25.8;0.8
20230703;16.9;26.1;0
20230704;15.5;29.6;0
20230705;18.2;26.4;4
20230706;15.1;28.7;0
20230707;16.9;32.9;0
20230708;22.1;34.6;0
20230709;21.4;35.7;0
20230710;22.6;34.1;0
20230711;21.6;37.5;6.7
20230712;20.5;25.6;3.2
20230713;17.2;26.9;0
20230714;13.4;31.9;0
20230715;23.1;33.3;2.6
20230716;17.5;27;0
20230717;19.9;30;0
20230718;17.4;36.2;0
20230719;23.1;32;0
20230720;17.8;29.3;0
20230721;17.6;28.5;0
20230722;14.8;30.7;0
20230723;16.1;35.1;1.2
20230724;20.5;27.7;1.4
20230725;18.4;26.1;0.8
20230726;12.6;25.2;0
20230727;12.8;32.2;0
20230728;20.5;31.9;0.5
20230729;19.6;27.6;6.5
20230730;17.3;26.4;0
20230731;13.5;30;0
20230801;18.6;29.9;0
20230802;19.4;33.7;0.2
20230803;17.7;28.4;0
20230804;15.7;22.9;4.6
20230805;12.2;25.4;0
20230806;15.9;22.7;0
20230807;12.5;24.1;0
20230808;10.5;27.4;0
20230809;13.2;30.9;0
20230810;15.7;32.3;0
20230811;17.1;34.1;0
20230812;23.1;35.2;0
20230813;20.5;35.2;4.2
20230814;17.4;34.1;2.6
20230815;19.5;34.6;0.2
20230816;17.7;34.4;0.2
20230817;20.3;36.8;0
20230818;17;37.6;0
20230819;20.9;37.2;0
20230820;22.1;37.2;0
20230821;21.8;37.7;0
20230822;21.5;39.6;0
20230823;23.3;38.2;0
20230824;21.6;41.4;0.8
20230825;22.5;34.2;1
20230826;17.5;22.7;32.9
20230827;15.6;22.1;0
20230828;13.9;19.7;4
20230829;13.2;22.3;0
20230830;15.2;23.6;0
20230831;13.2;27;0
20230901;14.4;29.7;0
20230902;19.4;30.1;0
20230903;15.2;32.2;0
20230904;16;34.5;0
20230905;18.9;33;0
20230906;19.9;31.6;0
20230907;19.2;33.1;0
20230908;17.6;33.5;0
20230909;17.1;33.7;0
20230910;15.2;34.6;0
20230911;15.2;33.7;0
20230912;17.1;31.8;0.4
20230913;18.5;20.5;3
20230914;16.1;26.5;0
20230915;15;29.7;1.6
20230916;18.8;28.7;0
20230917;19.9;32.3;35.5
20230918;18;24.1;4
20230919;16.6;25.9;0
20230920;12.3;27.9;0.2
20230921;16.2;24.6;11.1
20230922;14.3;22.2;2.8
20230923;8.3;20;0
20230924;7.9;21.6;0
20230925;7.7;24.2;0
20230926;8.8;27.5;0
20230927;9.6;27;0
20230928;12.5;28.8;0
20230929;13.6;28.3;0
20230930;14.8;23.9;0
20231001;9.8;26.8;0
20231002;11.3;29.9;0
20231003;18.7;28.5;0
20231004;12.7;20.5;0
20231005;7.7;22.1;0
20231006;6.5;23.3;0
20231007;4.7;24.2;0
20231008;7.9;28.2;0
20231009;9.7;30.6;0
20231010;10.7;28.2;0
20231011;11;28.6;0
20231012;15.3;27.5;0
20231013;14.6;25.4;0.2
20231014;15;25.9;0
20231015;7.4;17.2;0
20231016;5.7;15.7;0
20231017;6.7;23.1;0
20231018;15.4;24.4;10.8
20231019;15.8;21.9;54.3
20231020;14.6;19.8;7.4
20231021;13.6;20.1;0
20231022;6.9;17.6;1
20231023;8.5;21.9;30.1
20231024;10.4;15.3;11.1
20231025;9.8;18.6;4.2
20231026;14.2;15.8;11.9
20231027;10.3;18.8;3.2
20231028;10.9;18.6;0.2
20231029;14.9;20.9;0
20231030;12.7;19.8;15
20231031;10;17.3;0.6
20231101;5.3;16.1;1
20231102;10.4;14.5;12.4
20231103;6;13.1;2
20231104;7.9;12.7;7.5
20231105;10.8;16.2;0.8
20231106;9.7;16.1;0
20231107;7.1;14;0
20231108;0.9;14.7;2.8
20231109;9.6;12.3;5
20231110;8.5;14.9;4.4
20231111;4.4;14.1;2.2
20231112;5.5;15.1;3.2
20231113;10.3;16.9;1.6
20231114;13.7;17.5;2.2
20231115;6.7;15.8;0
20231116;4.8;15.8;0.8
20231117;7.2;12.1;0.4
20231118;2.2;12.2;0
20231119;6.1;16.3;0
20231120;4;11.6;5.1
20231121;6.1;11.5;0.6
20231122;5.7;10.6;0
20231123;0.1;8.7;0
20231124;6.6;12.3;1.2
20231125;2.9;6.2;0
20231126;-0.2;7.1;0
20231127;-0.5;7.2;5.8
20231128;4.3;9.4;0.6
20231129;-2.6;7.2;5.8
20231130;3.6;12.3;15.6
20231201;4.9;7.5;20.4
20231202;0.2;2.9;0.4
20231203;-4.3;5.9;0
20231204;-2.9;9.3;0.4
20231205;4.7;9.7;0
20231206;-0.3;7.6;0
20231207;-0.7;10;9.1
20231208;6.7;9;2
20231209;2;12;2.2
20231210;3.7;13.5;6.4
20231211;9.1;15.3;0.4
20231212;10.1;12.8;8
20231213;8.4;13.4;1
20231214;7;9.4;2.4
20231215;3.5;9.8;0
20231216;3.5;6.1;0
20231217;-0.8;8.3;0
20231218;-2;6.3;0
20231219;-1.8;3;2.4
20231220;0.7;8.1;1.2
20231221;4.3;10.8;0.6
20231222;7.5;12.4;0.4
20231223;7;9.9;0
20231224;1.4;14;0
20231225;-1.3;12;0
20231226;-2.6;9.7;0
20231227;-3.5;13.5;0
20231228;2.7;13.2;0
20231229;9.4;13.2;0
20231230;1.8;14.1;0
20231231;6.8;12.5;2.8
20240101;1.8;10.6;1.8
20240102;4.4;11.4;4.4
20240103;8.5;15.8;0
20240104;6.6;14;0
20240105;6.5;8.8;5.8
20240106;4.4;7.3;0
20240107;3.5;4.2;0
20240108;-0.5;0.7;0
20240109;-1;0.8;1
20240110;0.2;1.8;1.4
20240111;0.2;0.8;0
20240112;-1.5;0.9;0
20240113;-4.1;0.4;0
20240114;-1.3;2.8;0.6
20240115;2.3;4.7;3.2
20240116;-3.1;11.4;0.8
20240117;0.8;13.6;16.7
20240118;3;13.4;6.7
20240119;-1.1;1.8;0
20240120;-3.3;1.6;0
20240121;-5.5;10;0
20240122;-0.6;9.7;1.2
20240123;2;13.7;0
20240124;3.4;17.7;0
20240125;2.9;16.7;0
20240126;3.1;14.8;0.6
20240127;2.9;7.7;0
20240128;1.4;16.8;0
20240129;9.3;16.1;0
20240130;5.1;15.3;0
20240131;1;13.2;0
20240201;2.5;9.8;0
20240202;5.9;12.4;0
20240203;0.7;9.5;0
20240204;4.9;6.4;0
20240205;3.4;7;0
20240206;1;9.2;0
20240207;6.9;14.4;1.6
20240208;8.7;15.8;1.2
20240209;10.5;13.7;4.6
20240210;6.6;10.1;15.6
20240211;4.9;12.2;0.4
20240212;2.5;11.4;0
20240213;2.4;13;0
20240214;4.9;16.5;0
20240215;3.7;17.4;0
20240216;11.6;18.1;0
20240217;9.2;10.9;0.2
20240218;9;14.1;2
20240219;8.9;14.2;0
20240220;7.9;12.6;0
20240221;3.1;16;5.4
20240222;9.4;13.7;5.3
20240223;1.6;10.9;0
20240224;4.1;11.4;0
20240225;4.1;11.1;5.4
20240226;8.1;15;0
20240227;3.5;11;0
20240228;6.9;9.5;0
20240229;0.6;13.2;0.2
20240301;4.4;13.4;0
20240302;7.2;14.9;0
20240303;2.3;9.8;30.9
20240304;4;9;0
20240305;1.7;10.7;0.6
20240306;2.9;10.8;0
20240307;-0.9;14.7;0
20240308;5.2;13.8;0
20240309;5.5;15.3;15.9
20240310;5.9;14.4;3.2
20240311;5.1;10.6;2
20240312;4.9;13.6;0.2
20240313;8;16.1;0
20240314;3.8;18.8;0
20240315;7.1;19.3;2
20240316;8.7;17.5;0.6
20240317;7.5;17.9;1.4
20240318;11.7;18.7;1.4
20240319;5.3;19.2;0
20240320;4.8;22;0
20240321;8.3;22.3;0
20240322;9.6;24.6;0
20240323;9.9;13.9;0.2
20240324;6;12.5;0.4
20240325;-0.3;15;0.4
20240326;10.1;13.8;33
20240327;2.6;11.8;1.6
20240328;8.5;17;0
20240329;13;20.4;0
20240330;9.4;16.4;18.6
20240331;9.3;17.4;25.3
20240401;8.7;15.9;1.6
20240402;6.4;16.9;0.8
20240403;9.7;17.6;0.4
20240404;6.6;21.4;0
20240405;14.2;21.7;0
20240406;15;23;0
20240407;17;22.5;0
20240408;15.8;24.1;20.6
20240409;7.3;12.9;10.6
20240410;5.3;14.1;0
20240411;5.6;17.7;0
20240412;5.5;21.6;0
20240413;7.6;27.7;0
20240414;9;29.6;0
20240415;15.4;23;0.4
20240416;7.6;13.1;0.4
20240417;4.5;11.9;6
20240418;3.9;10.7;1.2
20240419;0.9;15.4;1.2
20240420;5.9;11.8;0
20240421;3.6;9.7;1.8
20240422;2.4;10.4;0
20240423;2.7;11.9;0
20240424;2.9;10.8;0
20240425;3.9;15.7;0
20240426;9;15.7;1
20240427;10.2;20.6;24.5
20240428;10.3;11.4;74.1
20240429;9.4;14.5;0
20240430;10.8;18.3;0
20240501;9.1;20.3;36.8
20240502;10;11.5;4.6
20240503;8.5;17.6;1
20240504;6.5;18.6;2.8
20240505;12.5;21.6;4.6
20240506;11.1;14.4;5.3
20240507;9.6;17.1;3.8
20240508;11.6;20.5;0
20240509;9.2;20.8;0
20240510;9.3;25.6;0
20240511;11.2;26.7;0
20240512;10.6;24.7;0
20240513;13.9;24.8;0.2
20240514;14;17.8;21
20240515;12.4;18.1;8.6
20240516;11.3;17;5
20240517;8.1;21.3;0
20240518;10.8;19.8;0.8
20240519;8.7;23.9;0
20240520;10.8;24.3;7.3
20240521;10.8;21.3;0
20240522;13.6;21.5;0.4
20240523;11.2;20.5;1.4
20240524;11.6;21.1;1.2
20240525;9.3;23.5;0
20240526;12.9;25.4;0.2
20240527;15.2;20.7;0.4
20240528;10.3;22.3;0
20240529;12.1;22.1;1.8
20240530;14.8;21.1;7
20240531;11.1;19.6;2.6
20240601;12.3;20.4;0
20240602;12.9;16.8;3.6
20240603;14.5;19;0
20240604;12.6;24.5;0
20240605;14.2;27.1;0
20240606;14.8;26.1;0.2
20240607;16.4;27.1;0
20240608;15.9;29.1;1
20240609;17.2;24.3;0
20240610;13.4;23.5;0
20240611;12.3;19.7;0
20240612;9.5;21.5;0
20240613;9.8;24;3
20240614;14.3;24.3;27.3
20240615;13.6;23.1;0
20240616;12;25.5;0
20240617;17;28.6;0
20240618;17.9;31.2;0
20240619;17.8;29.9;0
20240620;18.7;24.9;7.4
20240621;17.8;25.8;1.8
20240622;14.7;23.1;12.9
20240623;14.5;22.7;0
20240624;15.2;26.9;0
20240625;16.4;29.9;0
20240626;17.6;30.6;0
20240627;19;32.1;3
20240628;19;33.1;0.2
20240629;19.8;30.4;3
20240630;18.5;23.6;0.2
20240701;17;27.2;0
20240702;15.3;22.1;0
20240703;12.6;22.3;1.4
20240704;16.1;27.7;0
20240705;14.2;30.3;0
20240706;16.8;26.9;12.4
20240707;14.8;24.4;0
20240708;11.8;31.1;0
20240709;18;32.7;1.4
20240710;20.4;29;0
20240711;20.1;30.5;11.9
20240712;20.1;28.7;2.8
20240713;12.2;24.5;0
20240714;12.4;30.3;0
20240715;18.5;31.3;1.4
20240716;18.6;28.3;0
20240717;15.5;28;0
20240718;15;32.1;0
20240719;16;31.3;0
20240720;17.3;34.7;3.6
20240721;18.6;27.3;5.4
20240722;18.8;27.2;0
20240723;16.3;28.7;0
20240724;17.7;27.5;0
20240725;15.6;29.1;0
20240726;15;31.9;0
20240727;17.8;35;0
20240728;20.2;30.3;0
20240729;18.5;34.4;0
20240730;21.1;38.1;0
20240731;22;37.4;0
20240801;22.5;32.5;0.2
20240802;20.4;32.4;0
20240803;19.1;30;0
20240804;18.1;28.7;0
20240805;17.1;30.6;0
20240806;16.8;33.9;0
20240807;22.4;32.7;0
20240808;21;30.1;0
20240809;16.1;32.2;0
20240810;17.4;32.8;0
20240811;18.9;37.6;0
20240812;21.7;37.8;0
20240813;21.5;36.3;0.8
20240814;18.7;29.2;18.6
20240815;19.2;30.2;0
20240816;20.2;30.6;0
20240817;20.9;29.8;6.8
20240818;16.6;21.5;3.6
20240819;15.4;26.2;0
20240820;14.4;27.8;0.6
20240821;18.1;24.7;0
20240822;10.6;28.4;0
20240823;12.9;33.3;0
20240824;16.1;33;6.5
20240825;16.1;24.3;0
20240826;13;25.1;0
20240827;12.4;28.2;0
20240828;16;34.4;0
20240829;18.1;35.4;0
20240830;18.5;34.4;0
20240831;19.4;35.4;0
20240901;17.9;30.1;0.6
20240902;18.1;30.2;0
20240903;17.6;32.6;0.8
20240904;19.4;23.9;15.9
20240905;16.1;19.8;2.4
20240906;11.8;26.2;0
20240907;14.5;32.2;9.9
20240908;14.9;20.9;13.3
20240909;13.9;19.9;0.2
20240910;13.4;21;0
20240911;9.9;19.4;9.1
20240912;10.3;16.2;0.6
20240913;6.8;16.7;0
20240914;7.6;18.2;0
20240915;6.5;19.1;0
20240916;9.7;20.4;0
20240917;12.7;19.1;0
20240918;8.5;22.2;0
20240919;9.3;23.9;0
20240920;13.4;25.4;0
20240921;13;25.8;0
20240922;15.8;19.6;18.5
20240923;14.3;22.2;0
20240924;13.3;20.2;0
20240925;13.6;20.5;6.6
20240926;16.4;18.2;29.7
20240927;14.1;20.3;1.2
20240928;11.8;16;0.2
20240929;4.5;18.6;0
20240930;14.7;23;0.4
20241001;14.9;20.2;11.9
20241002;9.4;17.5;0
20241003;11.2;17.1;0
20241004;9.5;16;0
20241005;8.7;16;0
20241006;6.3;19;0.8
20241007;15.3;22.6;55.3
20241008;14.1;18.7;25.2
20241009;11.7;23.2;1
20241010;11.6;18.4;2.4
20241011;8.4;18.7;0
20241012;5.7;17.9;2.2
20241013;15.8;23.2;0.8
20241014;11.4;23.3;0.4
20241015;14.2;25.6;0
20241016;17.7;23.3;32.3
20241017;15.7;19.9;45.7
20241018;12.6;20.3;0
20241019;13.8;20.5;0
20241020;8.4;21.2;0
20241021;9.2;24.1;0
20241022;15.7;19.1;0.2
20241023;12.1;18.8;0
20241024;8.6;20.7;0.8
20241025;14.7;23.4;0
20241026;11.3;18.6;0.8
20241027;11.1;20.7;0
20241028;11.1;22.2;0
20241029;8.7;21.1;0
20241030;10.8;14.8;0
20241031;11.8;14.3;0
20241101;10.1;19.4;0
20241102;8.7;10.6;0
20241103;9.3;15.9;0
20241104;6.7;15.8;0
20241105;6.3;19.6;0
20241106;9.2;15.1;0
20241107;11.2;16;0
20241108;7.9;16.5;0
20241109;7.9;17.2;0
20241110;7.9;12.4;0
20241111;7.3;9;0.2
20241112;5.8;9.5;0
20241113;3;6.8;0
20241114;3.6;7.4;0
20241115;0.9;9.6;0
20241116;-0.8;9.3;0
20241117;-0.2;9.2;0
20241118;3.4;10.3;0.4
20241119;3.9;13.2;5
20241120;4.9;8.2;0.8
20241121;0.1;12.5;3
20241122;-0.2;5;0
20241123;-4.2;13.4;0
20241124;9;16.3;0
20241125;14.2;18.7;12.1
20241126;5.4;15.7;0
20241127;2.4;15;0.2
20241128;4.2;11.4;0.4
20241129;3.5;4.9;0
20241130;-0.7;5.8;0
20241201;2.1;10.8;0
20241202;6.1;12.8;3.8
20241203;6.1;8.8;0
20241204;2.4;8.6;0
20241205;-2.6;8.5;1.2
20241206;4.8;11.8;1.2
20241207;0.8;9.7;8.7
20241208;3.8;7.3;6.8
20241209;5;6.9;0
20241210;3.4;5.1;0
20241211;-1.7;4;0
20241212;-0.7;1.8;0
20241213;0.7;3.7;6.4
20241214;2;6.7;2.6
20241215;3.2;6.8;0
20241216;-0.8;7.2;0
20241217;-1.2;7.5;0
20241218;0.8;13.3;1.2
20241219;4.4;11.9;13.3
20241220;2.3;6.9;0
20241221;1.3;9.4;1
20241222;4;10.7;5
20241223;2.8;5.9;0.6
20241224;1.8;7;0
20241225;-0.1;6.1;0
20241226;-4.2;6.3;0
20241227;-3.3;0.1;0
20241228;-3.7;0.3;0
20241229;-2.9;-0.8;0
20241230;-2.5;-1.7;0
20241231;-2.3;0.2;0
